document_title,version,live_page_url,source_path,duplicates,reviewer,audited,fixed,notes
Approving a Change Request,current,https://docs.netwrix.com/docs/platgovsalesforce/changemanagement/approving_change_request,docs/platgovsalesforce/changemanagement/approving_change_request.md,,,,,
Change and Approval Policy,current,https://docs.netwrix.com/docs/platgovsalesforce/changemanagement/change_and_approval_policy,docs/platgovsalesforce/changemanagement/change_and_approval_policy.md,,,,,
Change Log for ReportFolder and DashboardFolder,current,https://docs.netwrix.com/docs/platgovsalesforce/changemanagement/change_log_reportfolder_dashboardfolder,docs/platgovsalesforce/changemanagement/change_log_reportfolder_dashboardfolder.md,,,,,
Change Management Overview,current,https://docs.netwrix.com/docs/platgovsalesforce/changemanagement/change_management_overview,docs/platgovsalesforce/changemanagement/change_management_overview.md,,,,,
Change Enablement Reports,current,https://docs.netwrix.com/docs/platgovsalesforce/changemanagement/change_management_reports,docs/platgovsalesforce/changemanagement/change_management_reports.md,,,,,
Completing and Validating a Change Request,current,https://docs.netwrix.com/docs/platgovsalesforce/changemanagement/completing_change_request,docs/platgovsalesforce/changemanagement/completing_change_request.md,,,,,
Creating a Change Request,current,https://docs.netwrix.com/docs/platgovsalesforce/changemanagement/creating_change_request,docs/platgovsalesforce/changemanagement/creating_change_request.md,,,,,
Data Tracking - Change Logs,current,https://docs.netwrix.com/docs/platgovsalesforce/changemanagement/datatracking/data_tracking_change_logs,docs/platgovsalesforce/changemanagement/datatracking/data_tracking_change_logs.md,,,,,
Data Tracking - Troubleshooting,current,https://docs.netwrix.com/docs/platgovsalesforce/changemanagement/datatracking/data_tracking_troubleshooting,docs/platgovsalesforce/changemanagement/datatracking/data_tracking_troubleshooting.md,,,,,
Data Tracking,current,https://docs.netwrix.com/docs/platgovsalesforce/changemanagement/datatracking/enhanced_cpq_support,docs/platgovsalesforce/changemanagement/datatracking/enhanced_cpq_support.md,,,,,
Non-Triggerable Objects,current,https://docs.netwrix.com/docs/platgovsalesforce/changemanagement/datatracking/non_triggerable_objects,docs/platgovsalesforce/changemanagement/datatracking/non_triggerable_objects.md,,,,,
Set Up Data Tracking,current,https://docs.netwrix.com/docs/platgovsalesforce/changemanagement/datatracking/set_up_data_tracking,docs/platgovsalesforce/changemanagement/datatracking/set_up_data_tracking.md,,,,,
Documented Metadata Types,current,https://docs.netwrix.com/docs/platgovsalesforce/changemanagement/documented_metadata_types,docs/platgovsalesforce/changemanagement/documented_metadata_types.md,,,,,
Resolving Non-Compliant Changes,current,https://docs.netwrix.com/docs/platgovsalesforce/changemanagement/resolving_noncompliant_changes,docs/platgovsalesforce/changemanagement/resolving_noncompliant_changes.md,,,,,
Set Up Policies,current,https://docs.netwrix.com/docs/platgovsalesforce/changemanagement/setting_up_policies,docs/platgovsalesforce/changemanagement/setting_up_policies.md,,,,,
Using Change Logs,current,https://docs.netwrix.com/docs/platgovsalesforce/changemanagement/using_change_logs,docs/platgovsalesforce/changemanagement/using_change_logs.md,,,,,
Cleaning Up Customizations,current,https://docs.netwrix.com/docs/platgovsalesforce/cleanup/cleanup_customizations,docs/platgovsalesforce/cleanup/cleanup_customizations.md,,,,,
Clean Up Overview,current,https://docs.netwrix.com/docs/platgovsalesforce/cleanup/cleanup_overview,docs/platgovsalesforce/cleanup/cleanup_overview.md,,,,,
Running Clean Up Reports,current,https://docs.netwrix.com/docs/platgovsalesforce/cleanup/cleanup_reports,docs/platgovsalesforce/cleanup/cleanup_reports.md,,,,,
Date Last Used,current,https://docs.netwrix.com/docs/platgovsalesforce/cleanup/date_last_used,docs/platgovsalesforce/cleanup/date_last_used.md,,,,,
Customizations Overview,current,https://docs.netwrix.com/docs/platgovsalesforce/customizations/customizations_overview,docs/platgovsalesforce/customizations/customizations_overview.md,,,,,
Report and Dashboard Folder Customization,current,https://docs.netwrix.com/docs/platgovsalesforce/customizations/folder_customization_record,docs/platgovsalesforce/customizations/folder_customization_record.md,,,,,
Old Customization Record,current,https://docs.netwrix.com/docs/platgovsalesforce/customizations/old_customization_record,docs/platgovsalesforce/customizations/old_customization_record.md,,,,,
Understanding the Customization Record,current,https://docs.netwrix.com/docs/platgovsalesforce/customizations/understanding_customization_record,docs/platgovsalesforce/customizations/understanding_customization_record.md,,,,,
FAQ,current,https://docs.netwrix.com/docs/platgovsalesforce/faq,docs/platgovsalesforce/faq.md,,,,,
Welcome,current,https://docs.netwrix.com/docs/platgovsalesforce,docs/platgovsalesforce/index.md,,,,,
Configuration and Stats,current,https://docs.netwrix.com/docs/platgovsalesforce/installingstrongpoint/config_and_stats,docs/platgovsalesforce/installingstrongpoint/config_and_stats.md,,,,,
Features by License Type,current,https://docs.netwrix.com/docs/platgovsalesforce/installingstrongpoint/features_by_license_type,docs/platgovsalesforce/installingstrongpoint/features_by_license_type.md,,,,,
Install Platform Governance for Salesforce,current,https://docs.netwrix.com/docs/platgovsalesforce/installingstrongpoint/installing_strongpoint,docs/platgovsalesforce/installingstrongpoint/installing_strongpoint.md,,,,,
Upgrade / Downgrade License,current,https://docs.netwrix.com/docs/platgovsalesforce/installingstrongpoint/license_manager,docs/platgovsalesforce/installingstrongpoint/license_manager.md,,,,,
Named Credential Setup,current,https://docs.netwrix.com/docs/platgovsalesforce/installingstrongpoint/named_credential,docs/platgovsalesforce/installingstrongpoint/named_credential.md,,,,,
Platform Governor Status,current,https://docs.netwrix.com/docs/platgovsalesforce/installingstrongpoint/platform_governor,docs/platgovsalesforce/installingstrongpoint/platform_governor.md,,,,,
Manual Scanners,current,https://docs.netwrix.com/docs/platgovsalesforce/installingstrongpoint/running_scanner,docs/platgovsalesforce/installingstrongpoint/running_scanner.md,,,,,
Sandbox Accounts,current,https://docs.netwrix.com/docs/platgovsalesforce/installingstrongpoint/sandbox_dev_orgs,docs/platgovsalesforce/installingstrongpoint/sandbox_dev_orgs.md,,,,,
Set Access and Permissions,current,https://docs.netwrix.com/docs/platgovsalesforce/installingstrongpoint/setting_access_permission,docs/platgovsalesforce/installingstrongpoint/setting_access_permission.md,,,,,
Set Up the Initial Scan,current,https://docs.netwrix.com/docs/platgovsalesforce/installingstrongpoint/setting_up_initial_scan,docs/platgovsalesforce/installingstrongpoint/setting_up_initial_scan.md,,,,,
Run the Getting Started Wizard,current,https://docs.netwrix.com/docs/platgovsalesforce/installingstrongpoint/using_getting_started_wizard,docs/platgovsalesforce/installingstrongpoint/using_getting_started_wizard.md,,,,,
Validate the Data,current,https://docs.netwrix.com/docs/platgovsalesforce/installingstrongpoint/validating_data,docs/platgovsalesforce/installingstrongpoint/validating_data.md,,,,,
Integrations,current,https://docs.netwrix.com/docs/platgovsalesforce/integrations/integrations_overview,docs/platgovsalesforce/integrations/integrations_overview.md,,,,,
Find Change Requests from Jira,current,https://docs.netwrix.com/docs/platgovsalesforce/integrations/jiraintegration/finding_change_requests_from_jira,docs/platgovsalesforce/integrations/jiraintegration/finding_change_requests_from_jira.md,,,,,
Jira Field Mapping,current,https://docs.netwrix.com/docs/platgovsalesforce/integrations/jiraintegration/jira_field_map,docs/platgovsalesforce/integrations/jiraintegration/jira_field_map.md,,,,,
Set Up the Jira Integration,current,https://docs.netwrix.com/docs/platgovsalesforce/integrations/jiraintegration/jira_integration,docs/platgovsalesforce/integrations/jiraintegration/jira_integration.md,,,,,
Jira Integration Troubleshooting,current,https://docs.netwrix.com/docs/platgovsalesforce/integrations/jiraintegration/jira_troubleshooting,docs/platgovsalesforce/integrations/jiraintegration/jira_troubleshooting.md,,,,,
Jira Upload Add On Not Showing,current,https://docs.netwrix.com/docs/platgovsalesforce/integrations/jiraintegration/jira_upload_addon_not_showing,docs/platgovsalesforce/integrations/jiraintegration/jira_upload_addon_not_showing.md,,,,,
Jira Walkthrough Example,current,https://docs.netwrix.com/docs/platgovsalesforce/integrations/jiraintegration/jira_walkthrough_example,docs/platgovsalesforce/integrations/jiraintegration/jira_walkthrough_example.md,,,,,
Find Change Requests from Jira,current,https://docs.netwrix.com/docs/platgovsalesforce/integrations/jiraintegrationForge/finding_change_requests_from_jira,docs/platgovsalesforce/integrations/jiraintegrationForge/finding_change_requests_from_jira.md,,,,,
Jira Field Mapping,current,https://docs.netwrix.com/docs/platgovsalesforce/integrations/jiraintegrationForge/jira_field_map_forge,docs/platgovsalesforce/integrations/jiraintegrationForge/jira_field_map_forge.md,,,,,
Set Up the Jira Integration Forge,current,https://docs.netwrix.com/docs/platgovsalesforce/integrations/jiraintegrationForge/jira_integration_forge,docs/platgovsalesforce/integrations/jiraintegrationForge/jira_integration_forge.md,,,,,
Migrating to the Salesforce Forge App,current,https://docs.netwrix.com/docs/platgovsalesforce/integrations/jiraintegrationForge/jira_migrateToForge,docs/platgovsalesforce/integrations/jiraintegrationForge/jira_migrateToForge.md,,,,,
Jira Integration Troubleshooting,current,https://docs.netwrix.com/docs/platgovsalesforce/integrations/jiraintegrationForge/jira_troubleshooting,docs/platgovsalesforce/integrations/jiraintegrationForge/jira_troubleshooting.md,,,,,
Jira Walkthrough Example,current,https://docs.netwrix.com/docs/platgovsalesforce/integrations/jiraintegrationForge/jira_walkthrough_example,docs/platgovsalesforce/integrations/jiraintegrationForge/jira_walkthrough_example.md,,,,,
Finding Change Requests from Zendesk,current,https://docs.netwrix.com/docs/platgovsalesforce/integrations/zendeskintegration/finding_change_requests_from_zendesk,docs/platgovsalesforce/integrations/zendeskintegration/finding_change_requests_from_zendesk.md,,,,,
Approval Process - Zendesk Integration,current,https://docs.netwrix.com/docs/platgovsalesforce/integrations/zendeskintegration/zendesk_approval_process,docs/platgovsalesforce/integrations/zendeskintegration/zendesk_approval_process.md,,,,,
Platform Governance for Salesforce - Zendesk Integration,current,https://docs.netwrix.com/docs/platgovsalesforce/integrations/zendeskintegration/zendesk_integration,docs/platgovsalesforce/integrations/zendeskintegration/zendesk_integration.md,,,,,
Zendesk Walkthrough Example,current,https://docs.netwrix.com/docs/platgovsalesforce/integrations/zendeskintegration/zendesk_walkthrough_example,docs/platgovsalesforce/integrations/zendeskintegration/zendesk_walkthrough_example.md,,,,,
Launch Platform Governance for Salesforce,current,https://docs.netwrix.com/docs/platgovsalesforce/navigate_strongpoint,docs/platgovsalesforce/navigate_strongpoint.md,,,,,
Release 7.0,current,https://docs.netwrix.com/docs/platgovsalesforce/release_7_0,docs/platgovsalesforce/release_7_0/index.md,,,,,
Deployment Logs,current,https://docs.netwrix.com/docs/platgovsalesforce/releasemanagement/deployment_logs,docs/platgovsalesforce/releasemanagement/deployment_logs.md,,,,,
Deployments,current,https://docs.netwrix.com/docs/platgovsalesforce/releasemanagement/deployments,docs/platgovsalesforce/releasemanagement/deployments.md,,,,,
Multiple Environment Deployment Tracking,current,https://docs.netwrix.com/docs/platgovsalesforce/releasemanagement/multiple_env_deployment_tracking,docs/platgovsalesforce/releasemanagement/multiple_env_deployment_tracking.md,,,,,
Multiple Environment Deployments,current,https://docs.netwrix.com/docs/platgovsalesforce/releasemanagement/multiple_environments,docs/platgovsalesforce/releasemanagement/multiple_environments.md,,,,,
Release Management Overview,current,https://docs.netwrix.com/docs/platgovsalesforce/releasemanagement/release_management_overview,docs/platgovsalesforce/releasemanagement/release_management_overview.md,,,,,
Rollback,current,https://docs.netwrix.com/docs/platgovsalesforce/releasemanagement/rollback,docs/platgovsalesforce/releasemanagement/rollback.md,,,,,
Environment Compare Logs,current,https://docs.netwrix.com/docs/platgovsalesforce/reports/deployment_logs_environment_compare,docs/platgovsalesforce/reports/deployment_logs_environment_compare.md,,,,,
Deployments with Failures,current,https://docs.netwrix.com/docs/platgovsalesforce/reports/deployment_logs_failures,docs/platgovsalesforce/reports/deployment_logs_failures.md,,,,,
Deployments Pending Approval Report,current,https://docs.netwrix.com/docs/platgovsalesforce/reports/deployment_logs_pending_approval,docs/platgovsalesforce/reports/deployment_logs_pending_approval.md,,,,,
Rollback Logs,current,https://docs.netwrix.com/docs/platgovsalesforce/reports/deployment_logs_rollback,docs/platgovsalesforce/reports/deployment_logs_rollback.md,,,,,
Success Deployments,current,https://docs.netwrix.com/docs/platgovsalesforce/reports/deployment_logs_success,docs/platgovsalesforce/reports/deployment_logs_success.md,,,,,
Reports,current,https://docs.netwrix.com/docs/platgovsalesforce/reports/reports_overview,docs/platgovsalesforce/reports/reports_overview.md,,,,,
Daily Scan Configuration,current,https://docs.netwrix.com/docs/platgovsalesforce/scanner/daily_scan,docs/platgovsalesforce/scanner/daily_scan.md,,,,,
FastScan Feature,current,https://docs.netwrix.com/docs/platgovsalesforce/scanner/FastScan,docs/platgovsalesforce/scanner/FastScan.md,,,,,
Field Level Security Scanner,current,https://docs.netwrix.com/docs/platgovsalesforce/scanner/field_level_scanner,docs/platgovsalesforce/scanner/field_level_scanner.md,,,,,
Manual Scanners,current,https://docs.netwrix.com/docs/platgovsalesforce/scanner/running_scanner,docs/platgovsalesforce/scanner/running_scanner.md,,,,,
Scanner Overview,current,https://docs.netwrix.com/docs/platgovsalesforce/scanner/scanner_overview,docs/platgovsalesforce/scanner/scanner_overview.md,,,,,
Scanner Troubleshooting Guide,current,https://docs.netwrix.com/docs/platgovsalesforce/scanner/scanner_troubleshooting_guide,docs/platgovsalesforce/scanner/scanner_troubleshooting_guide.md,,,,,
Scheduler,current,https://docs.netwrix.com/docs/platgovsalesforce/scanner/scheduler,docs/platgovsalesforce/scanner/scheduler.md,,,,,
Credentials,current,https://docs.netwrix.com/docs/platgovsalesforce/settings/credentials,docs/platgovsalesforce/settings/credentials.md,,,,,
Settings Overview,current,https://docs.netwrix.com/docs/platgovsalesforce/settings/settings_overview,docs/platgovsalesforce/settings/settings_overview.md,,,,,
Automated Documentation,current,https://docs.netwrix.com/docs/platgovsalesforce/techdebt/tech_debt_auto_documentation,docs/platgovsalesforce/techdebt/tech_debt_auto_documentation.md,,,,,
Change Monitoring,current,https://docs.netwrix.com/docs/platgovsalesforce/techdebt/tech_debt_change_monitoring,docs/platgovsalesforce/techdebt/tech_debt_change_monitoring.md,,,,,
Managing Orgs in the Real World,current,https://docs.netwrix.com/docs/platgovsalesforce/techdebt/tech_debt_managing_orgs,docs/platgovsalesforce/techdebt/tech_debt_managing_orgs.md,,,,,
Change Enablement,current,https://docs.netwrix.com/docs/platgovsalesforce/techdebt/tech_debt_org_change_enablement,docs/platgovsalesforce/techdebt/tech_debt_org_change_enablement.md,,,,,
Org Clean Up Example,current,https://docs.netwrix.com/docs/platgovsalesforce/techdebt/tech_debt_org_clean_up_example,docs/platgovsalesforce/techdebt/tech_debt_org_clean_up_example.md,,,,,
Org Clean Up,current,https://docs.netwrix.com/docs/platgovsalesforce/techdebt/tech_debt_org_clean_up,docs/platgovsalesforce/techdebt/tech_debt_org_clean_up.md,,,,,
Ongoing Monitoring,current,https://docs.netwrix.com/docs/platgovsalesforce/techdebt/tech_debt_org_ongoing_monitoring,docs/platgovsalesforce/techdebt/tech_debt_org_ongoing_monitoring.md,,,,,
Specific Clean Up Approaches,current,https://docs.netwrix.com/docs/platgovsalesforce/techdebt/tech_debt_org_specific_clean_up_approaches,docs/platgovsalesforce/techdebt/tech_debt_org_specific_clean_up_approaches.md,,,,,
Managing Technical Debt,current,https://docs.netwrix.com/docs/platgovsalesforce/techdebt/tech_debt_overview,docs/platgovsalesforce/techdebt/tech_debt_overview.md,,,,,
Access Review Assistant,current,https://docs.netwrix.com/docs/platgovsalesforce/tools/access_review,docs/platgovsalesforce/tools/access_review.md,,,,,
Automated Report Clean Up,current,https://docs.netwrix.com/docs/platgovsalesforce/tools/automated_report_clean_up,docs/platgovsalesforce/tools/automated_report_clean_up.md,,,,,
Cleaning Up Change Logs,current,https://docs.netwrix.com/docs/platgovsalesforce/tools/change_logs_clean_up,docs/platgovsalesforce/tools/change_logs_clean_up.md,,,,,
DLU Configuration,current,https://docs.netwrix.com/docs/platgovsalesforce/tools/dlu_configuration,docs/platgovsalesforce/tools/dlu_configuration.md,,,,,
Environment Comparison,current,https://docs.netwrix.com/docs/platgovsalesforce/tools/environment_comparison,docs/platgovsalesforce/tools/environment_comparison.md,,,,,
Export Attachment Records,current,https://docs.netwrix.com/docs/platgovsalesforce/tools/export_object_attachment_records,docs/platgovsalesforce/tools/export_object_attachment_records.md,,,,,
Export Objects,current,https://docs.netwrix.com/docs/platgovsalesforce/tools/export_objects,docs/platgovsalesforce/tools/export_objects.md,,,,,
Export Profiles and Permission Sets,current,https://docs.netwrix.com/docs/platgovsalesforce/tools/export_profiles,docs/platgovsalesforce/tools/export_profiles.md,,,,,
Export Users,current,https://docs.netwrix.com/docs/platgovsalesforce/tools/export_users,docs/platgovsalesforce/tools/export_users.md,,,,,
Field Tracking,current,https://docs.netwrix.com/docs/platgovsalesforce/tools/field_tracking,docs/platgovsalesforce/tools/field_tracking.md,,,,,
Finder,current,https://docs.netwrix.com/docs/platgovsalesforce/tools/finder,docs/platgovsalesforce/tools/finder.md,,,,,
Package Usage,current,https://docs.netwrix.com/docs/platgovsalesforce/tools/package_usage,docs/platgovsalesforce/tools/package_usage.md,,,,,
Profile Permission Comparison,current,https://docs.netwrix.com/docs/platgovsalesforce/tools/profile_permission_comparison,docs/platgovsalesforce/tools/profile_permission_comparison.md,,,,,
System Permission Tracking,current,https://docs.netwrix.com/docs/platgovsalesforce/tools/system_permission_tracking,docs/platgovsalesforce/tools/system_permission_tracking.md,,,,,
Tools Overview,current,https://docs.netwrix.com/docs/platgovsalesforce/tools/tools_overview,docs/platgovsalesforce/tools/tools_overview.md,,,,,
User Activity,current,https://docs.netwrix.com/docs/platgovsalesforce/tools/user_activity,docs/platgovsalesforce/tools/user_activity.md,,,,,
Dependency Relationship Diagram,current,https://docs.netwrix.com/docs/platgovsalesforce/tools/viewing_drd,docs/platgovsalesforce/tools/viewing_drd.md,,,,,
What is Documented,current,https://docs.netwrix.com/docs/platgovsalesforce/what_does_strongpoint_document,docs/platgovsalesforce/what_does_strongpoint_document.md,,,,,
