repo_path,product_id,reason
docs/passwordsecure/9.1/configuration/advancedview/clientmodule/applications/applications.md,passwordsecure,no-registered-version
docs/passwordsecure/9.1/configuration/advancedview/clientmodule/applications/configuration_of_saml.md,passwordsecure,no-registered-version
docs/passwordsecure/9.1/configuration/advancedview/clientmodule/applications/exampleapplications/example_applications.md,passwordsecure,no-registered-version
docs/passwordsecure/9.1/configuration/advancedview/clientmodule/applications/exampleapplications/saml_application_for_dropbox.md,passwordsecure,no-registered-version
docs/passwordsecure/9.1/configuration/advancedview/clientmodule/applications/exampleapplications/saml_application_for_postman.md,passwordsecure,no-registered-version
docs/passwordsecure/9.1/configuration/advancedview/clientmodule/applications/exampleapplications/sap_gui_logon_-_sso_application.md,passwordsecure,no-registered-version
docs/passwordsecure/9.1/configuration/advancedview/clientmodule/applications/learningtheapplications/learning_the_applications.md,passwordsecure,no-registered-version
docs/passwordsecure/9.1/configuration/advancedview/clientmodule/applications/learningtheapplications/start_parameter.md,passwordsecure,no-registered-version
docs/passwordsecure/9.1/configuration/advancedview/clientmodule/applications/rdpandsshapplications/rdp_and_ssh_applications.md,passwordsecure,no-registered-version
docs/passwordsecure/9.1/configuration/advancedview/clientmodule/applications/rdpandsshapplications/recording_a_session.md,passwordsecure,no-registered-version
docs/passwordsecure/9.1/configuration/advancedview/clientmodule/client_module.md,passwordsecure,no-registered-version
docs/passwordsecure/9.1/configuration/advancedview/clientmodule/discoveryservice/configuration_1.md,passwordsecure,no-registered-version
docs/passwordsecure/9.1/configuration/advancedview/clientmodule/discoveryservice/converting_entries.md,passwordsecure,no-registered-version
docs/passwordsecure/9.1/configuration/advancedview/clientmodule/discoveryservice/created_passwords.md,passwordsecure,no-registered-version
docs/passwordsecure/9.1/configuration/advancedview/clientmodule/discoveryservice/deleting_entries.md,passwordsecure,no-registered-version
docs/passwordsecure/9.1/configuration/advancedview/clientmodule/discoveryservice/discovered_entries.md,passwordsecure,no-registered-version
docs/passwordsecure/9.1/configuration/advancedview/clientmodule/discoveryservice/discovery_service.md,passwordsecure,no-registered-version
docs/passwordsecure/9.1/configuration/advancedview/clientmodule/discoveryservice/logbook_1.md,passwordsecure,no-registered-version
docs/passwordsecure/9.1/configuration/advancedview/clientmodule/discoveryservice/requirements.md,passwordsecure,no-registered-version
docs/passwordsecure/9.1/configuration/advancedview/clientmodule/documents.md,passwordsecure,no-registered-version
docs/passwordsecure/9.1/configuration/advancedview/clientmodule/forms/change_form.md,passwordsecure,no-registered-version
docs/passwordsecure/9.1/configuration/advancedview/clientmodule/forms/forms.md,passwordsecure,no-registered-version
docs/passwordsecure/9.1/configuration/advancedview/clientmodule/logbook.md,passwordsecure,no-registered-version
docs/passwordsecure/9.1/configuration/advancedview/clientmodule/notifications.md,passwordsecure,no-registered-version
docs/passwordsecure/9.1/configuration/advancedview/clientmodule/organisationalstructure/directoryservices/activedirectorylink/active_directory_link.md,passwordsecure,no-registered-version
docs/passwordsecure/9.1/configuration/advancedview/clientmodule/organisationalstructure/directoryservices/activedirectorylink/end-to-end_encryption.md,passwordsecure,no-registered-version
docs/passwordsecure/9.1/configuration/advancedview/clientmodule/organisationalstructure/directoryservices/activedirectorylink/masterkey_mode.md,passwordsecure,no-registered-version
docs/passwordsecure/9.1/configuration/advancedview/clientmodule/organisationalstructure/directoryservices/activedirectorylink/radius_authentication.md,passwordsecure,no-registered-version
docs/passwordsecure/9.1/configuration/advancedview/clientmodule/organisationalstructure/directoryservices/directory_services.md,passwordsecure,no-registered-version
docs/passwordsecure/9.1/configuration/advancedview/clientmodule/organisationalstructure/directoryservices/entraidconnection/entra_id_connection.md,passwordsecure,no-registered-version
docs/passwordsecure/9.1/configuration/advancedview/clientmodule/organisationalstructure/directoryservices/entraidconnection/microsoft_entra_id_faq.md,passwordsecure,no-registered-version
docs/passwordsecure/9.1/configuration/advancedview/clientmodule/organisationalstructure/first_factor.md,passwordsecure,no-registered-version
docs/passwordsecure/9.1/configuration/advancedview/clientmodule/organisationalstructure/managingusers/managing_users.md,passwordsecure,no-registered-version
docs/passwordsecure/9.1/configuration/advancedview/clientmodule/organisationalstructure/managingusers/user_passwords_logging_in.md,passwordsecure,no-registered-version
docs/passwordsecure/9.1/configuration/advancedview/clientmodule/organisationalstructure/multifactorauthentication/multifactor_authentication.md,passwordsecure,no-registered-version
docs/passwordsecure/9.1/configuration/advancedview/clientmodule/organisationalstructure/multifactorauthentication/one_time_password.md,passwordsecure,no-registered-version
docs/passwordsecure/9.1/configuration/advancedview/clientmodule/organisationalstructure/multifactorauthentication/yubicoyubikey.md,passwordsecure,no-registered-version
docs/passwordsecure/9.1/configuration/advancedview/clientmodule/organisationalstructure/organisational_structure.md,passwordsecure,no-registered-version
docs/passwordsecure/9.1/configuration/advancedview/clientmodule/organisationalstructure/permissionsfororganisational/inheriting_permissions.md,passwordsecure,no-registered-version
docs/passwordsecure/9.1/configuration/advancedview/clientmodule/organisationalstructure/permissionsfororganisational/permissions_for_organisational.md,passwordsecure,no-registered-version
docs/passwordsecure/9.1/configuration/advancedview/clientmodule/passwordreset/configuration_2.md,passwordsecure,no-registered-version
docs/passwordsecure/9.1/configuration/advancedview/clientmodule/passwordreset/heartbeat.md,passwordsecure,no-registered-version
docs/passwordsecure/9.1/configuration/advancedview/clientmodule/passwordreset/logbook_entries_under_password.md,passwordsecure,no-registered-version
docs/passwordsecure/9.1/configuration/advancedview/clientmodule/passwordreset/password_reset.md,passwordsecure,no-registered-version
docs/passwordsecure/9.1/configuration/advancedview/clientmodule/passwordreset/requirements_1.md,passwordsecure,no-registered-version
docs/passwordsecure/9.1/configuration/advancedview/clientmodule/passwordreset/rollback.md,passwordsecure,no-registered-version
docs/passwordsecure/9.1/configuration/advancedview/clientmodule/passwordreset/scripts.md,passwordsecure,no-registered-version
docs/passwordsecure/9.1/configuration/advancedview/clientmodule/passwordreset/user-defined_scripts.md,passwordsecure,no-registered-version
docs/passwordsecure/9.1/configuration/advancedview/clientmodule/passwords/creating_new_passwords.md,passwordsecure,no-registered-version
docs/passwordsecure/9.1/configuration/advancedview/clientmodule/passwords/form_field_permissions.md,passwordsecure,no-registered-version
docs/passwordsecure/9.1/configuration/advancedview/clientmodule/passwords/history.md,passwordsecure,no-registered-version
docs/passwordsecure/9.1/configuration/advancedview/clientmodule/passwords/moving_passwords.md,passwordsecure,no-registered-version
docs/passwordsecure/9.1/configuration/advancedview/clientmodule/passwords/password_settings.md,passwordsecure,no-registered-version
docs/passwordsecure/9.1/configuration/advancedview/clientmodule/passwords/passwords.md,passwordsecure,no-registered-version
docs/passwordsecure/9.1/configuration/advancedview/clientmodule/passwords/recycle_bin.md,passwordsecure,no-registered-version
docs/passwordsecure/9.1/configuration/advancedview/clientmodule/passwords/revealing_passwords.md,passwordsecure,no-registered-version
docs/passwordsecure/9.1/configuration/advancedview/clientmodule/roles.md,passwordsecure,no-registered-version
docs/passwordsecure/9.1/configuration/advancedview/mainmenufc/account.md,passwordsecure,no-registered-version
docs/passwordsecure/9.1/configuration/advancedview/mainmenufc/administration.md,passwordsecure,no-registered-version
docs/passwordsecure/9.1/configuration/advancedview/mainmenufc/export/export.md,passwordsecure,no-registered-version
docs/passwordsecure/9.1/configuration/advancedview/mainmenufc/export/export_wizard.md,passwordsecure,no-registered-version
docs/passwordsecure/9.1/configuration/advancedview/mainmenufc/export/html_webviewer_export.md,passwordsecure,no-registered-version
docs/passwordsecure/9.1/configuration/advancedview/mainmenufc/extras/extras.md,passwordsecure,no-registered-version
docs/passwordsecure/9.1/configuration/advancedview/mainmenufc/extras/image_manager.md,passwordsecure,no-registered-version
docs/passwordsecure/9.1/configuration/advancedview/mainmenufc/extras/password_generator.md,passwordsecure,no-registered-version
docs/passwordsecure/9.1/configuration/advancedview/mainmenufc/extras/password_rules.md,passwordsecure,no-registered-version
docs/passwordsecure/9.1/configuration/advancedview/mainmenufc/extras/reports.md,passwordsecure,no-registered-version
docs/passwordsecure/9.1/configuration/advancedview/mainmenufc/extras/seal_templates.md,passwordsecure,no-registered-version
docs/passwordsecure/9.1/configuration/advancedview/mainmenufc/extras/systemtasks/emergency_webviewer.md,passwordsecure,no-registered-version
docs/passwordsecure/9.1/configuration/advancedview/mainmenufc/extras/systemtasks/system_tasks.md,passwordsecure,no-registered-version
docs/passwordsecure/9.1/configuration/advancedview/mainmenufc/extras/tag_manager.md,passwordsecure,no-registered-version
docs/passwordsecure/9.1/configuration/advancedview/mainmenufc/extras/trash.md,passwordsecure,no-registered-version
docs/passwordsecure/9.1/configuration/advancedview/mainmenufc/general_settings.md,passwordsecure,no-registered-version
docs/passwordsecure/9.1/configuration/advancedview/mainmenufc/import.md,passwordsecure,no-registered-version
docs/passwordsecure/9.1/configuration/advancedview/mainmenufc/main_menu_fc.md,passwordsecure,no-registered-version
docs/passwordsecure/9.1/configuration/advancedview/mainmenufc/userrights/overview_of_all_user_rights.md,passwordsecure,no-registered-version
docs/passwordsecure/9.1/configuration/advancedview/mainmenufc/userrights/user_rights.md,passwordsecure,no-registered-version
docs/passwordsecure/9.1/configuration/advancedview/mainmenufc/usersettings/overview_of_all_user_settings.md,passwordsecure,no-registered-version
docs/passwordsecure/9.1/configuration/advancedview/mainmenufc/usersettings/user_settings.md,passwordsecure,no-registered-version
docs/passwordsecure/9.1/configuration/advancedview/operationandsetup/dashboardandwidgets/dashboard_and_widgets.md,passwordsecure,no-registered-version
docs/passwordsecure/9.1/configuration/advancedview/operationandsetup/dashboardandwidgets/keyboard_shortcuts.md,passwordsecure,no-registered-version
docs/passwordsecure/9.1/configuration/advancedview/operationandsetup/filter/advanced_filter_settings.md,passwordsecure,no-registered-version
docs/passwordsecure/9.1/configuration/advancedview/operationandsetup/filter/display_mode.md,passwordsecure,no-registered-version
docs/passwordsecure/9.1/configuration/advancedview/operationandsetup/filter/filter.md,passwordsecure,no-registered-version
docs/passwordsecure/9.1/configuration/advancedview/operationandsetup/list_view.md,passwordsecure,no-registered-version
docs/passwordsecure/9.1/configuration/advancedview/operationandsetup/operation_and_setup.md,passwordsecure,no-registered-version
docs/passwordsecure/9.1/configuration/advancedview/operationandsetup/print.md,passwordsecure,no-registered-version
docs/passwordsecure/9.1/configuration/advancedview/operationandsetup/reading_pane.md,passwordsecure,no-registered-version
docs/passwordsecure/9.1/configuration/advancedview/operationandsetup/ribbon.md,passwordsecure,no-registered-version
docs/passwordsecure/9.1/configuration/advancedview/operationandsetup/search.md,passwordsecure,no-registered-version
docs/passwordsecure/9.1/configuration/advancedview/operationandsetup/tags.md,passwordsecure,no-registered-version
docs/passwordsecure/9.1/configuration/advancedview/permissionconceptandprotective/automatedsettingofpermissions/automated_setting_of_permissions.md,passwordsecure,no-registered-version
docs/passwordsecure/9.1/configuration/advancedview/permissionconceptandprotective/automatedsettingofpermissions/inheritance_from_organizational.md,passwordsecure,no-registered-version
docs/passwordsecure/9.1/configuration/advancedview/permissionconceptandprotective/manualsettingofpermissions/manual_setting_of_permissions.md,passwordsecure,no-registered-version
docs/passwordsecure/9.1/configuration/advancedview/permissionconceptandprotective/manualsettingofpermissions/multiple_editing_of_permissions.md,passwordsecure,no-registered-version
docs/passwordsecure/9.1/configuration/advancedview/permissionconceptandprotective/manualsettingofpermissions/right_templates.md,passwordsecure,no-registered-version
docs/passwordsecure/9.1/configuration/advancedview/permissionconceptandprotective/permission_concept_and_protective.md,passwordsecure,no-registered-version
docs/passwordsecure/9.1/configuration/advancedview/permissionconceptandprotective/predefiningrights/predefining_rights.md,passwordsecure,no-registered-version
docs/passwordsecure/9.1/configuration/advancedview/permissionconceptandprotective/predefiningrights/relevant_user_rights.md,passwordsecure,no-registered-version
docs/passwordsecure/9.1/configuration/advancedview/permissionconceptandprotective/predefiningrights/scope_of_validity_for_predefined.md,passwordsecure,no-registered-version
docs/passwordsecure/9.1/configuration/advancedview/permissionconceptandprotective/predefiningrights/working_with_predefined_rights.md,passwordsecure,no-registered-version
docs/passwordsecure/9.1/configuration/advancedview/permissionconceptandprotective/protectivemechanisms/password_masking.md,passwordsecure,no-registered-version
docs/passwordsecure/9.1/configuration/advancedview/permissionconceptandprotective/protectivemechanisms/protective_mechanisms.md,passwordsecure,no-registered-version
docs/passwordsecure/9.1/configuration/advancedview/permissionconceptandprotective/protectivemechanisms/seals/release_mechanism.md,passwordsecure,no-registered-version
docs/passwordsecure/9.1/configuration/advancedview/permissionconceptandprotective/protectivemechanisms/seals/seal_overview.md,passwordsecure,no-registered-version
docs/passwordsecure/9.1/configuration/advancedview/permissionconceptandprotective/protectivemechanisms/seals/seals.md,passwordsecure,no-registered-version
docs/passwordsecure/9.1/configuration/advancedview/permissionconceptandprotective/protectivemechanisms/temporary_permissions.md,passwordsecure,no-registered-version
docs/passwordsecure/9.1/configuration/advancedview/permissionconceptandprotective/protectivemechanisms/visibility.md,passwordsecure,no-registered-version
docs/passwordsecure/9.1/configuration/autofilladdon/autofill_add-on.md,passwordsecure,no-registered-version
docs/passwordsecure/9.1/configuration/autofilladdon/configuration_autofill_add-on.md,passwordsecure,no-registered-version
docs/passwordsecure/9.1/configuration/basicview/basic_view.md,passwordsecure,no-registered-version
docs/passwordsecure/9.1/configuration/basicview/checklist_of_the_basic_view.md,passwordsecure,no-registered-version
docs/passwordsecure/9.1/configuration/basicview/password_management.md,passwordsecure,no-registered-version
docs/passwordsecure/9.1/configuration/basicview/start_and_login_basic_view.md,passwordsecure,no-registered-version
docs/passwordsecure/9.1/configuration/basicview/tab_system.md,passwordsecure,no-registered-version
docs/passwordsecure/9.1/configuration/basicview/todoforadministration/errorcodes_of_the_lightclient.md,passwordsecure,no-registered-version
docs/passwordsecure/9.1/configuration/basicview/todoforadministration/to_do_for_administration.md,passwordsecure,no-registered-version
docs/passwordsecure/9.1/configuration/basicview/view.md,passwordsecure,no-registered-version
docs/passwordsecure/9.1/configuration/browseraddons/applications_add-on.md,passwordsecure,no-registered-version
docs/passwordsecure/9.1/configuration/browseraddons/browser_add-ons.md,passwordsecure,no-registered-version
docs/passwordsecure/9.1/configuration/browseraddons/how_to_save_passwords.md,passwordsecure,no-registered-version
docs/passwordsecure/9.1/configuration/configuration.md,passwordsecure,no-registered-version
docs/passwordsecure/9.1/configuration/mobiledevices/autofill/autofill_in_android.md,passwordsecure,no-registered-version
docs/passwordsecure/9.1/configuration/mobiledevices/autofill/autofill_in_ios.md,passwordsecure,no-registered-version
docs/passwordsecure/9.1/configuration/mobiledevices/mobile_devices.md,passwordsecure,no-registered-version
docs/passwordsecure/9.1/configuration/mobiledevices/passwords_mobileapp.md,passwordsecure,no-registered-version
docs/passwordsecure/9.1/configuration/mobiledevices/securitymd.md,passwordsecure,no-registered-version
docs/passwordsecure/9.1/configuration/mobiledevices/settings_mobileapp.md,passwordsecure,no-registered-version
docs/passwordsecure/9.1/configuration/mobiledevices/setupmobiledevice/biometric_login.md,passwordsecure,no-registered-version
docs/passwordsecure/9.1/configuration/mobiledevices/setupmobiledevice/installation_of_the_app.md,passwordsecure,no-registered-version
docs/passwordsecure/9.1/configuration/mobiledevices/setupmobiledevice/linking_the_database.md,passwordsecure,no-registered-version
docs/passwordsecure/9.1/configuration/mobiledevices/setupmobiledevice/setting_up_autofill.md,passwordsecure,no-registered-version
docs/passwordsecure/9.1/configuration/mobiledevices/setupmobiledevice/setup_mobile_device.md,passwordsecure,no-registered-version
docs/passwordsecure/9.1/configuration/mobiledevices/synchronization.md,passwordsecure,no-registered-version
docs/passwordsecure/9.1/configuration/mobiledevices/tabs.md,passwordsecure,no-registered-version
docs/passwordsecure/9.1/configuration/offlineclient/offline_client.md,passwordsecure,no-registered-version
docs/passwordsecure/9.1/configuration/offlineclient/setup_and_sync.md,passwordsecure,no-registered-version
docs/passwordsecure/9.1/configuration/sdkapi/migration_guide.md,passwordsecure,no-registered-version
docs/passwordsecure/9.1/configuration/sdkapi/sdk__api.md,passwordsecure,no-registered-version
docs/passwordsecure/9.1/configuration/servermanager/basic_configuration.md,passwordsecure,no-registered-version
docs/passwordsecure/9.1/configuration/servermanager/certificates/certificates.md,passwordsecure,no-registered-version
docs/passwordsecure/9.1/configuration/servermanager/certificates/database_certificates.md,passwordsecure,no-registered-version
docs/passwordsecure/9.1/configuration/servermanager/certificates/discovery_service_certificates.md,passwordsecure,no-registered-version
docs/passwordsecure/9.1/configuration/servermanager/certificates/master_key_certificates.md,passwordsecure,no-registered-version
docs/passwordsecure/9.1/configuration/servermanager/certificates/nps_server_encryption_certificate.md,passwordsecure,no-registered-version
docs/passwordsecure/9.1/configuration/servermanager/certificates/password_reset_certificates.md,passwordsecure,no-registered-version
docs/passwordsecure/9.1/configuration/servermanager/certificates/ssl_connection_certificates.md,passwordsecure,no-registered-version
docs/passwordsecure/9.1/configuration/servermanager/creating_databases.md,passwordsecure,no-registered-version
docs/passwordsecure/9.1/configuration/servermanager/databaseproperties/database_firewall.md,passwordsecure,no-registered-version
docs/passwordsecure/9.1/configuration/servermanager/databaseproperties/database_properties.md,passwordsecure,no-registered-version
docs/passwordsecure/9.1/configuration/servermanager/databaseproperties/general_settings_admin_client.md,passwordsecure,no-registered-version
docs/passwordsecure/9.1/configuration/servermanager/databaseproperties/syslog.md,passwordsecure,no-registered-version
docs/passwordsecure/9.1/configuration/servermanager/mainmenu/advanced_settings.md,passwordsecure,no-registered-version
docs/passwordsecure/9.1/configuration/servermanager/mainmenu/backupsettings/automated_deletion_of_backups.md,passwordsecure,no-registered-version
docs/passwordsecure/9.1/configuration/servermanager/mainmenu/backupsettings/backup_management.md,passwordsecure,no-registered-version
docs/passwordsecure/9.1/configuration/servermanager/mainmenu/backupsettings/backup_settings.md,passwordsecure,no-registered-version
docs/passwordsecure/9.1/configuration/servermanager/mainmenu/backupsettings/disaster_recovery_scenarios.md,passwordsecure,no-registered-version
docs/passwordsecure/9.1/configuration/servermanager/mainmenu/license_settings.md,passwordsecure,no-registered-version
docs/passwordsecure/9.1/configuration/servermanager/mainmenu/main_menu.md,passwordsecure,no-registered-version
docs/passwordsecure/9.1/configuration/servermanager/managingdatabases/databasesettings/database_settings.md,passwordsecure,no-registered-version
docs/passwordsecure/9.1/configuration/servermanager/managingdatabases/databasesettings/hsm_connection.md,passwordsecure,no-registered-version
docs/passwordsecure/9.1/configuration/servermanager/managingdatabases/databasesettings/multifactor_authentication_ac.md,passwordsecure,no-registered-version
docs/passwordsecure/9.1/configuration/servermanager/managingdatabases/databasesettings/session_timeout.md,passwordsecure,no-registered-version
docs/passwordsecure/9.1/configuration/servermanager/managingdatabases/managing_databases.md,passwordsecure,no-registered-version
docs/passwordsecure/9.1/configuration/servermanager/msp/changesintheadminclient/changes_in_the_adminclient.md,passwordsecure,no-registered-version
docs/passwordsecure/9.1/configuration/servermanager/msp/changesintheadminclient/cost_overview_module.md,passwordsecure,no-registered-version
docs/passwordsecure/9.1/configuration/servermanager/msp/changesintheadminclient/customers_module.md,passwordsecure,no-registered-version
docs/passwordsecure/9.1/configuration/servermanager/msp/msp.md,passwordsecure,no-registered-version
docs/passwordsecure/9.1/configuration/servermanager/operation_and_setup_admin_client.md,passwordsecure,no-registered-version
docs/passwordsecure/9.1/configuration/servermanager/server_manager.md,passwordsecure,no-registered-version
docs/passwordsecure/9.1/configuration/servermanager/settlement_right_key.md,passwordsecure,no-registered-version
docs/passwordsecure/9.1/configuration/servermanager/setup_wizard.md,passwordsecure,no-registered-version
docs/passwordsecure/9.1/configuration/webapplication/authorization_and_protection_mechanisms.md,passwordsecure,no-registered-version
docs/passwordsecure/9.1/configuration/webapplication/functionalscope/application.md,passwordsecure,no-registered-version
docs/passwordsecure/9.1/configuration/webapplication/functionalscope/documents_web_application.md,passwordsecure,no-registered-version
docs/passwordsecure/9.1/configuration/webapplication/functionalscope/forms_module.md,passwordsecure,no-registered-version
docs/passwordsecure/9.1/configuration/webapplication/functionalscope/functional_scope.md,passwordsecure,no-registered-version
docs/passwordsecure/9.1/configuration/webapplication/functionalscope/logbook_web_application.md,passwordsecure,no-registered-version
docs/passwordsecure/9.1/configuration/webapplication/functionalscope/notifications.md,passwordsecure,no-registered-version
docs/passwordsecure/9.1/configuration/webapplication/functionalscope/organisationalstructure/organisational_structure.md,passwordsecure,no-registered-version
docs/passwordsecure/9.1/configuration/webapplication/functionalscope/organisationalstructure/user_management.md,passwordsecure,no-registered-version
docs/passwordsecure/9.1/configuration/webapplication/functionalscope/password_module.md,passwordsecure,no-registered-version
docs/passwordsecure/9.1/configuration/webapplication/functionalscope/roles_module.md,passwordsecure,no-registered-version
docs/passwordsecure/9.1/configuration/webapplication/functionalscope/tag_system.md,passwordsecure,no-registered-version
docs/passwordsecure/9.1/configuration/webapplication/operation/filter_or_structure_area.md,passwordsecure,no-registered-version
docs/passwordsecure/9.1/configuration/webapplication/operation/footer.md,passwordsecure,no-registered-version
docs/passwordsecure/9.1/configuration/webapplication/operation/header.md,passwordsecure,no-registered-version
docs/passwordsecure/9.1/configuration/webapplication/operation/list_view.md,passwordsecure,no-registered-version
docs/passwordsecure/9.1/configuration/webapplication/operation/menu.md,passwordsecure,no-registered-version
docs/passwordsecure/9.1/configuration/webapplication/operation/navigationbar/navigation_bar.md,passwordsecure,no-registered-version
docs/passwordsecure/9.1/configuration/webapplication/operation/navigationbar/settings_wc.md,passwordsecure,no-registered-version
docs/passwordsecure/9.1/configuration/webapplication/operation/navigationbar/user_menu_wc.md,passwordsecure,no-registered-version
docs/passwordsecure/9.1/configuration/webapplication/operation/operation.md,passwordsecure,no-registered-version
docs/passwordsecure/9.1/configuration/webapplication/operation/reading_pane_webclient.md,passwordsecure,no-registered-version
docs/passwordsecure/9.1/configuration/webapplication/problems_with_the_server_connection.md,passwordsecure,no-registered-version
docs/passwordsecure/9.1/configuration/webapplication/web_application.md,passwordsecure,no-registered-version
docs/passwordsecure/9.1/enduser/advancedview.md,passwordsecure,no-registered-version
docs/passwordsecure/9.1/enduser/browserextension.md,passwordsecure,no-registered-version
docs/passwordsecure/9.1/enduser/cleanuppasswords.md,passwordsecure,no-registered-version
docs/passwordsecure/9.1/enduser/createnewentry.md,passwordsecure,no-registered-version
docs/passwordsecure/9.1/enduser/organizepasswords.md,passwordsecure,no-registered-version
docs/passwordsecure/9.1/enduser/overview.md,passwordsecure,no-registered-version
docs/passwordsecure/9.1/faq/security/encryption.md,passwordsecure,no-registered-version
docs/passwordsecure/9.1/faq/security/high_availability.md,passwordsecure,no-registered-version
docs/passwordsecure/9.1/faq/security/penetration_tests.md,passwordsecure,no-registered-version
docs/passwordsecure/9.1/index.md,passwordsecure,no-registered-version
docs/passwordsecure/9.1/installation/installation.md,passwordsecure,no-registered-version
docs/passwordsecure/9.1/installation/installation_server_manager.md,passwordsecure,no-registered-version
docs/passwordsecure/9.1/installation/installationbrowseraddon/google_chrome.md,passwordsecure,no-registered-version
docs/passwordsecure/9.1/installation/installationbrowseraddon/installation_browser_add-on.md,passwordsecure,no-registered-version
docs/passwordsecure/9.1/installation/installationbrowseraddon/microsoft_edge.md,passwordsecure,no-registered-version
docs/passwordsecure/9.1/installation/installationbrowseraddon/mozilla_firefox.md,passwordsecure,no-registered-version
docs/passwordsecure/9.1/installation/installationbrowseraddon/safari.md,passwordsecure,no-registered-version
docs/passwordsecure/9.1/installation/installationclient/installation_client.md,passwordsecure,no-registered-version
docs/passwordsecure/9.1/installation/installationclient/installation_with_parameters.md,passwordsecure,no-registered-version
docs/passwordsecure/9.1/installation/installationwebapplication/apache.md,passwordsecure,no-registered-version
docs/passwordsecure/9.1/installation/installationwebapplication/installation_web_application.md,passwordsecure,no-registered-version
docs/passwordsecure/9.1/installation/installationwebapplication/microsoft_iis.md,passwordsecure,no-registered-version
docs/passwordsecure/9.1/installation/installationwebapplication/nginx.md,passwordsecure,no-registered-version
docs/passwordsecure/9.1/installation/requirements/application_server.md,passwordsecure,no-registered-version
docs/passwordsecure/9.1/installation/requirements/client_configuration.md,passwordsecure,no-registered-version
docs/passwordsecure/9.1/installation/requirements/mobile_apps.md,passwordsecure,no-registered-version
docs/passwordsecure/9.1/installation/requirements/mssql_server.md,passwordsecure,no-registered-version
docs/passwordsecure/9.1/installation/requirements/webserver/browser.md,passwordsecure,no-registered-version
docs/passwordsecure/9.1/installation/requirements/webserver/webserver.md,passwordsecure,no-registered-version
docs/passwordsecure/9.1/introduction/introduction.md,passwordsecure,no-registered-version
docs/passwordsecure/9.1/introduction/versionhistory/version_8.16.0.29823.md,passwordsecure,no-registered-version
docs/passwordsecure/9.1/introduction/versionhistory/version_8.16.1.29875.md,passwordsecure,no-registered-version
docs/passwordsecure/9.1/introduction/versionhistory/version_8.16.3.29968.md,passwordsecure,no-registered-version
docs/passwordsecure/9.1/introduction/versionhistory/version_8.16.4.30125.md,passwordsecure,no-registered-version
docs/passwordsecure/9.1/introduction/versionhistory/version_8.16.5.30226.md,passwordsecure,no-registered-version
docs/passwordsecure/9.1/introduction/versionhistory/version_8.16.6.30233.md,passwordsecure,no-registered-version
docs/passwordsecure/9.1/introduction/versionhistory/version_9.0.0.30423.md,passwordsecure,no-registered-version
docs/passwordsecure/9.1/introduction/versionhistory/version_9.0.1.30479.md,passwordsecure,no-registered-version
docs/passwordsecure/9.1/introduction/versionhistory/version_9.0.2.30602.md,passwordsecure,no-registered-version
docs/passwordsecure/9.1/introduction/versionhistory/version_9.0.3.30606.md,passwordsecure,no-registered-version
docs/passwordsecure/9.1/introduction/versionhistory/version_9.1.0.30996.md,passwordsecure,no-registered-version
docs/passwordsecure/9.1/introduction/versionhistory/version_9.1.1.31138.md,passwordsecure,no-registered-version
docs/passwordsecure/9.1/introduction/versionhistory/version_9.1.2.31276.md,passwordsecure,no-registered-version
docs/passwordsecure/9.1/introduction/versionhistory/version_9.1.3.31365.md,passwordsecure,no-registered-version
docs/passwordsecure/9.1/introduction/versionhistory/version_history.md,passwordsecure,no-registered-version
docs/passwordsecure/9.1/maintenance/eccmigration/ecc_migration.md,passwordsecure,no-registered-version
docs/passwordsecure/9.1/maintenance/eccmigration/ecc_migration_administrator_manual.md,passwordsecure,no-registered-version
docs/passwordsecure/9.1/maintenance/eccmigration/ecc_migration_user_manual.md,passwordsecure,no-registered-version
docs/passwordsecure/9.1/maintenance/moving_the_server.md,passwordsecure,no-registered-version
docs/passwordsecure/9.1/maintenance/update.md,passwordsecure,no-registered-version
docs/passwordsecure/9.1/msp_system.md,passwordsecure,no-registered-version
docs/threatprevention/7.4/admin/Tags.md,threatprevention,no-registered-version
docs/threatprevention/7.4/admin/agents/agentmanagement/clearqueue.md,threatprevention,no-registered-version
docs/threatprevention/7.4/admin/agents/agentmanagement/harden.md,threatprevention,no-registered-version
docs/threatprevention/7.4/admin/agents/agentmanagement/removeserver.md,threatprevention,no-registered-version
docs/threatprevention/7.4/admin/agents/agentmanagement/soften.md,threatprevention,no-registered-version
docs/threatprevention/7.4/admin/agents/agentmanagement/start.md,threatprevention,no-registered-version
docs/threatprevention/7.4/admin/agents/agentmanagement/startpendingmodules.md,threatprevention,no-registered-version
docs/threatprevention/7.4/admin/agents/agentmanagement/stop.md,threatprevention,no-registered-version
docs/threatprevention/7.4/admin/agents/agentswindows/agentinstallerupdate.md,threatprevention,no-registered-version
docs/threatprevention/7.4/admin/agents/agentswindows/configureautodeploy.md,threatprevention,no-registered-version
docs/threatprevention/7.4/admin/agents/agentswindows/enrollmentsecretconfiguration.md,threatprevention,no-registered-version
docs/threatprevention/7.4/admin/agents/agentswindows/loglevelconfiguration.md,threatprevention,no-registered-version
docs/threatprevention/7.4/admin/agents/deploy/installing.md,threatprevention,no-registered-version
docs/threatprevention/7.4/admin/agents/deploy/overview.md,threatprevention,no-registered-version
docs/threatprevention/7.4/admin/agents/deploy/prerequisitescheck.md,threatprevention,no-registered-version
docs/threatprevention/7.4/admin/agents/deploy/selectcomputers.md,threatprevention,no-registered-version
docs/threatprevention/7.4/admin/agents/deploy/setoptions.md,threatprevention,no-registered-version
docs/threatprevention/7.4/admin/agents/overview.md,threatprevention,no-registered-version
docs/threatprevention/7.4/admin/agents/safemode.md,threatprevention,no-registered-version
docs/threatprevention/7.4/admin/alerts/alertscleanup.md,threatprevention,no-registered-version
docs/threatprevention/7.4/admin/alerts/alertsexport.md,threatprevention,no-registered-version
docs/threatprevention/7.4/admin/alerts/overview.md,threatprevention,no-registered-version
docs/threatprevention/7.4/admin/alerts/policycomparison.md,threatprevention,no-registered-version
docs/threatprevention/7.4/admin/analytics/baduseridsourcehost.md,threatprevention,no-registered-version
docs/threatprevention/7.4/admin/analytics/baduseriduser.md,threatprevention,no-registered-version
docs/threatprevention/7.4/admin/analytics/breachedpassword.md,threatprevention,no-registered-version
docs/threatprevention/7.4/admin/analytics/bruteforceattacks.md,threatprevention,no-registered-version
docs/threatprevention/7.4/admin/analytics/concurrentlogins.md,threatprevention,no-registered-version
docs/threatprevention/7.4/admin/analytics/filesystemattacksuser.md,threatprevention,no-registered-version
docs/threatprevention/7.4/admin/analytics/forgedpac.md,threatprevention,no-registered-version
docs/threatprevention/7.4/admin/analytics/goldenticket.md,threatprevention,no-registered-version
docs/threatprevention/7.4/admin/analytics/horizontalmovementattacks.md,threatprevention,no-registered-version
docs/threatprevention/7.4/admin/analytics/impersonationlogins.md,threatprevention,no-registered-version
docs/threatprevention/7.4/admin/analytics/kerberosweakencryption.md,threatprevention,no-registered-version
docs/threatprevention/7.4/admin/analytics/overview.md,threatprevention,no-registered-version
docs/threatprevention/7.4/admin/analytics/useraccounthacking.md,threatprevention,no-registered-version
docs/threatprevention/7.4/admin/configuration/collectionmanager/dynamic.md,threatprevention,no-registered-version
docs/threatprevention/7.4/admin/configuration/collectionmanager/listcollections.md,threatprevention,no-registered-version
docs/threatprevention/7.4/admin/configuration/collectionmanager/overview.md,threatprevention,no-registered-version
docs/threatprevention/7.4/admin/configuration/databasemaintenance/archive.md,threatprevention,no-registered-version
docs/threatprevention/7.4/admin/configuration/databasemaintenance/enable.md,threatprevention,no-registered-version
docs/threatprevention/7.4/admin/configuration/databasemaintenance/overview.md,threatprevention,no-registered-version
docs/threatprevention/7.4/admin/configuration/databasemaintenance/schedule.md,threatprevention,no-registered-version
docs/threatprevention/7.4/admin/configuration/databasemaintenance/storedprocedures.md,threatprevention,no-registered-version
docs/threatprevention/7.4/admin/configuration/epesettings.md,threatprevention,no-registered-version
docs/threatprevention/7.4/admin/configuration/eventfilteringconfiguration.md,threatprevention,no-registered-version
docs/threatprevention/7.4/admin/configuration/eventsdatabaseconfiguration.md,threatprevention,no-registered-version
docs/threatprevention/7.4/admin/configuration/filemonitorsettings.md,threatprevention,no-registered-version
docs/threatprevention/7.4/admin/configuration/systemalerting/email.md,threatprevention,no-registered-version
docs/threatprevention/7.4/admin/configuration/systemalerting/eventlog.md,threatprevention,no-registered-version
docs/threatprevention/7.4/admin/configuration/systemalerting/overview.md,threatprevention,no-registered-version
docs/threatprevention/7.4/admin/configuration/systemalerting/siem.md,threatprevention,no-registered-version
docs/threatprevention/7.4/admin/configuration/threatmanagerconfiguration.md,threatprevention,no-registered-version
docs/threatprevention/7.4/admin/configuration/userroles/add.md,threatprevention,no-registered-version
docs/threatprevention/7.4/admin/configuration/userroles/delete.md,threatprevention,no-registered-version
docs/threatprevention/7.4/admin/configuration/userroles/modify.md,threatprevention,no-registered-version
docs/threatprevention/7.4/admin/configuration/userroles/overview.md,threatprevention,no-registered-version
docs/threatprevention/7.4/admin/investigate/datagrid.md,threatprevention,no-registered-version
docs/threatprevention/7.4/admin/investigate/filters.md,threatprevention,no-registered-version
docs/threatprevention/7.4/admin/investigate/overview.md,threatprevention,no-registered-version
docs/threatprevention/7.4/admin/investigate/saved.md,threatprevention,no-registered-version
docs/threatprevention/7.4/admin/investigate/summaryfolders.md,threatprevention,no-registered-version
docs/threatprevention/7.4/admin/navigation/datagrid.md,threatprevention,no-registered-version
docs/threatprevention/7.4/admin/navigation/licensemanager.md,threatprevention,no-registered-version
docs/threatprevention/7.4/admin/navigation/overview.md,threatprevention,no-registered-version
docs/threatprevention/7.4/admin/navigation/rightclickmenus.md,threatprevention,no-registered-version
docs/threatprevention/7.4/admin/overview.md,threatprevention,no-registered-version
docs/threatprevention/7.4/admin/policies/configuration/actions/file.md,threatprevention,no-registered-version
docs/threatprevention/7.4/admin/policies/configuration/actions/netscript.md,threatprevention,no-registered-version
docs/threatprevention/7.4/admin/policies/configuration/actions/overview.md,threatprevention,no-registered-version
docs/threatprevention/7.4/admin/policies/configuration/actions/powershell.md,threatprevention,no-registered-version
docs/threatprevention/7.4/admin/policies/configuration/configuration.md,threatprevention,no-registered-version
docs/threatprevention/7.4/admin/policies/configuration/eventtype/activedirectorychanges.md,threatprevention,no-registered-version
docs/threatprevention/7.4/admin/policies/configuration/eventtype/activedirectorylockdown.md,threatprevention,no-registered-version
docs/threatprevention/7.4/admin/policies/configuration/eventtype/activedirectoryreadmonitoring.md,threatprevention,no-registered-version
docs/threatprevention/7.4/admin/policies/configuration/eventtype/adreplicationlockdown.md,threatprevention,no-registered-version
docs/threatprevention/7.4/admin/policies/configuration/eventtype/adreplicationmonitoring.md,threatprevention,no-registered-version
docs/threatprevention/7.4/admin/policies/configuration/eventtype/authenticationlockdown.md,threatprevention,no-registered-version
docs/threatprevention/7.4/admin/policies/configuration/eventtype/authenticationmonitoring.md,threatprevention,no-registered-version
docs/threatprevention/7.4/admin/policies/configuration/eventtype/effectivegroupmembership.md,threatprevention,no-registered-version
docs/threatprevention/7.4/admin/policies/configuration/eventtype/exchangechanges.md,threatprevention,no-registered-version
docs/threatprevention/7.4/admin/policies/configuration/eventtype/exchangelockdown.md,threatprevention,no-registered-version
docs/threatprevention/7.4/admin/policies/configuration/eventtype/filesystemaccessanalyzer.md,threatprevention,no-registered-version
docs/threatprevention/7.4/admin/policies/configuration/eventtype/filesystemchanges/filesystemchanges.md,threatprevention,no-registered-version
docs/threatprevention/7.4/admin/policies/configuration/eventtype/filesystemchanges/nasdevice.md,threatprevention,no-registered-version
docs/threatprevention/7.4/admin/policies/configuration/eventtype/filesystemlockdown.md,threatprevention,no-registered-version
docs/threatprevention/7.4/admin/policies/configuration/eventtype/fsmorolemonitoring.md,threatprevention,no-registered-version
docs/threatprevention/7.4/admin/policies/configuration/eventtype/gposettingchanges.md,threatprevention,no-registered-version
docs/threatprevention/7.4/admin/policies/configuration/eventtype/gposettinglockdown.md,threatprevention,no-registered-version
docs/threatprevention/7.4/admin/policies/configuration/eventtype/ldapbindmonitoring.md,threatprevention,no-registered-version
docs/threatprevention/7.4/admin/policies/configuration/eventtype/ldaplockdown.md,threatprevention,no-registered-version
docs/threatprevention/7.4/admin/policies/configuration/eventtype/ldapmonitoring/ldapmonitoring.md,threatprevention,no-registered-version
docs/threatprevention/7.4/admin/policies/configuration/eventtype/ldapmonitoring/ldapping.md,threatprevention,no-registered-version
docs/threatprevention/7.4/admin/policies/configuration/eventtype/ldapmonitoring/ldapsearch.md,threatprevention,no-registered-version
docs/threatprevention/7.4/admin/policies/configuration/eventtype/ldapmonitoring/threatmanagerldap.md,threatprevention,no-registered-version
docs/threatprevention/7.4/admin/policies/configuration/eventtype/lsassguardianmonitor.md,threatprevention,no-registered-version
docs/threatprevention/7.4/admin/policies/configuration/eventtype/lsassguardianprotect.md,threatprevention,no-registered-version
docs/threatprevention/7.4/admin/policies/configuration/eventtype/overview.md,threatprevention,no-registered-version
docs/threatprevention/7.4/admin/policies/configuration/eventtype/passwordenforcement/monitorweakpasswords.md,threatprevention,no-registered-version
docs/threatprevention/7.4/admin/policies/configuration/eventtype/passwordenforcement/passwordenforcement.md,threatprevention,no-registered-version
docs/threatprevention/7.4/admin/policies/configuration/eventtype/passwordenforcement/preventweakpasswords.md,threatprevention,no-registered-version
docs/threatprevention/7.4/admin/policies/configuration/eventtype/window/addipaddress.md,threatprevention,no-registered-version
docs/threatprevention/7.4/admin/policies/configuration/eventtype/window/attributelist.md,threatprevention,no-registered-version
docs/threatprevention/7.4/admin/policies/configuration/eventtype/window/classlist.md,threatprevention,no-registered-version
docs/threatprevention/7.4/admin/policies/configuration/eventtype/window/context.md,threatprevention,no-registered-version
docs/threatprevention/7.4/admin/policies/configuration/eventtype/window/exchangeobjects.md,threatprevention,no-registered-version
docs/threatprevention/7.4/admin/policies/configuration/eventtype/window/grouppolicyobjects.md,threatprevention,no-registered-version
docs/threatprevention/7.4/admin/policies/configuration/eventtype/window/groups.md,threatprevention,no-registered-version
docs/threatprevention/7.4/admin/policies/configuration/eventtype/window/objects.md,threatprevention,no-registered-version
docs/threatprevention/7.4/admin/policies/configuration/eventtype/window/overview.md,threatprevention,no-registered-version
docs/threatprevention/7.4/admin/policies/configuration/eventtype/window/perpetrators.md,threatprevention,no-registered-version
docs/threatprevention/7.4/admin/policies/configuration/eventtype/window/selectcomputers.md,threatprevention,no-registered-version
docs/threatprevention/7.4/admin/policies/configuration/eventtype/window/selectdomainsservers.md,threatprevention,no-registered-version
docs/threatprevention/7.4/admin/policies/configuration/eventtype/window/selectfilesystemobjects.md,threatprevention,no-registered-version
docs/threatprevention/7.4/admin/policies/configuration/eventtype/window/testpasswords.md,threatprevention,no-registered-version
docs/threatprevention/7.4/admin/policies/configuration/eventtype/window/trustees.md,threatprevention,no-registered-version
docs/threatprevention/7.4/admin/policies/configuration/eventtype/window/useraccountcontrol.md,threatprevention,no-registered-version
docs/threatprevention/7.4/admin/policies/configuration/general.md,threatprevention,no-registered-version
docs/threatprevention/7.4/admin/policies/configuration/recentevents/eventtracker.md,threatprevention,no-registered-version
docs/threatprevention/7.4/admin/policies/configuration/recentevents/eventviewer.md,threatprevention,no-registered-version
docs/threatprevention/7.4/admin/policies/configuration/recentevents/executepsscript.md,threatprevention,no-registered-version
docs/threatprevention/7.4/admin/policies/configuration/recentevents/overview.md,threatprevention,no-registered-version
docs/threatprevention/7.4/admin/policies/dataprotection.md,threatprevention,no-registered-version
docs/threatprevention/7.4/admin/policies/exportpoliciestemplates.md,threatprevention,no-registered-version
docs/threatprevention/7.4/admin/policies/overview.md,threatprevention,no-registered-version
docs/threatprevention/7.4/admin/templates/configuration/actions.md,threatprevention,no-registered-version
docs/threatprevention/7.4/admin/templates/configuration/configuration.md,threatprevention,no-registered-version
docs/threatprevention/7.4/admin/templates/configuration/eventtype.md,threatprevention,no-registered-version
docs/threatprevention/7.4/admin/templates/configuration/general.md,threatprevention,no-registered-version
docs/threatprevention/7.4/admin/templates/createpolicy.md,threatprevention,no-registered-version
docs/threatprevention/7.4/admin/templates/folder/actions/accountenablement.md,threatprevention,no-registered-version
docs/threatprevention/7.4/admin/templates/folder/actions/actions.md,threatprevention,no-registered-version
docs/threatprevention/7.4/admin/templates/folder/actions/lockunlockaccount.md,threatprevention,no-registered-version
docs/threatprevention/7.4/admin/templates/folder/actions/passwordchanges.md,threatprevention,no-registered-version
docs/threatprevention/7.4/admin/templates/folder/actions/passwordneverexpires.md,threatprevention,no-registered-version
docs/threatprevention/7.4/admin/templates/folder/actions/passwordrejection.md,threatprevention,no-registered-version
docs/threatprevention/7.4/admin/templates/folder/activedirectory.md,threatprevention,no-registered-version
docs/threatprevention/7.4/admin/templates/folder/bestpractices.md,threatprevention,no-registered-version
docs/threatprevention/7.4/admin/templates/folder/dns.md,threatprevention,no-registered-version
docs/threatprevention/7.4/admin/templates/folder/domainpersistence.md,threatprevention,no-registered-version
docs/threatprevention/7.4/admin/templates/folder/exchange.md,threatprevention,no-registered-version
docs/threatprevention/7.4/admin/templates/folder/filesystem.md,threatprevention,no-registered-version
docs/threatprevention/7.4/admin/templates/folder/grouppolicyobjects.md,threatprevention,no-registered-version
docs/threatprevention/7.4/admin/templates/folder/hipaa.md,threatprevention,no-registered-version
docs/threatprevention/7.4/admin/templates/folder/ldap.md,threatprevention,no-registered-version
docs/threatprevention/7.4/admin/templates/folder/lsass.md,threatprevention,no-registered-version
docs/threatprevention/7.4/admin/templates/folder/overview.md,threatprevention,no-registered-version
docs/threatprevention/7.4/admin/templates/folder/privilegeescalation.md,threatprevention,no-registered-version
docs/threatprevention/7.4/admin/templates/folder/ransomware.md,threatprevention,no-registered-version
docs/threatprevention/7.4/admin/templates/folder/reconnaissance.md,threatprevention,no-registered-version
docs/threatprevention/7.4/admin/templates/folder/schemaconfiguration.md,threatprevention,no-registered-version
docs/threatprevention/7.4/admin/templates/folder/siem.md,threatprevention,no-registered-version
docs/threatprevention/7.4/admin/templates/folder/threatmanager.md,threatprevention,no-registered-version
docs/threatprevention/7.4/admin/templates/overview.md,threatprevention,no-registered-version
docs/threatprevention/7.4/admin/tools/exportpoliciestemplates.md,threatprevention,no-registered-version
docs/threatprevention/7.4/admin/tools/import.md,threatprevention,no-registered-version
docs/threatprevention/7.4/api/collections.md,threatprevention,no-registered-version
docs/threatprevention/7.4/api/epe.md,threatprevention,no-registered-version
docs/threatprevention/7.4/api/loadmodule.md,threatprevention,no-registered-version
docs/threatprevention/7.4/api/overview.md,threatprevention,no-registered-version
docs/threatprevention/7.4/api/policy.md,threatprevention,no-registered-version
docs/threatprevention/7.4/api/threatmanager.md,threatprevention,no-registered-version
docs/threatprevention/7.4/eperestsite/accountmanagement.md,threatprevention,no-registered-version
docs/threatprevention/7.4/eperestsite/checkpassword.md,threatprevention,no-registered-version
docs/threatprevention/7.4/eperestsite/login.md,threatprevention,no-registered-version
docs/threatprevention/7.4/eperestsite/overview.md,threatprevention,no-registered-version
docs/threatprevention/7.4/gettingstarted.md,threatprevention,no-registered-version
docs/threatprevention/7.4/index.md,threatprevention,no-registered-version
docs/threatprevention/7.4/install/adminconsole.md,threatprevention,no-registered-version
docs/threatprevention/7.4/install/agent/manual/customcert.md,threatprevention,no-registered-version
docs/threatprevention/7.4/install/agent/manual/manual.md,threatprevention,no-registered-version
docs/threatprevention/7.4/install/agent/overview.md,threatprevention,no-registered-version
docs/threatprevention/7.4/install/agent/silent.md,threatprevention,no-registered-version
docs/threatprevention/7.4/install/application.md,threatprevention,no-registered-version
docs/threatprevention/7.4/install/certificatemanagementwizard.md,threatprevention,no-registered-version
docs/threatprevention/7.4/install/dbconnectionmanager.md,threatprevention,no-registered-version
docs/threatprevention/7.4/install/eperestsite.md,threatprevention,no-registered-version
docs/threatprevention/7.4/install/epeuserfeedback.md,threatprevention,no-registered-version
docs/threatprevention/7.4/install/firstlaunch/firstlaunch.md,threatprevention,no-registered-version
docs/threatprevention/7.4/install/firstlaunch/licenseimport.md,threatprevention,no-registered-version
docs/threatprevention/7.4/install/migrateemserver.md,threatprevention,no-registered-version
docs/threatprevention/7.4/install/overview.md,threatprevention,no-registered-version
docs/threatprevention/7.4/install/reportingmodule/application.md,threatprevention,no-registered-version
docs/threatprevention/7.4/install/reportingmodule/database.md,threatprevention,no-registered-version
docs/threatprevention/7.4/install/reportingmodule/firstlaunch.md,threatprevention,no-registered-version
docs/threatprevention/7.4/install/reportingmodule/overview.md,threatprevention,no-registered-version
docs/threatprevention/7.4/install/reportingmodule/secure.md,threatprevention,no-registered-version
docs/threatprevention/7.4/install/upgrade/agent.md,threatprevention,no-registered-version
docs/threatprevention/7.4/install/upgrade/overview.md,threatprevention,no-registered-version
docs/threatprevention/7.4/install/upgrade/policytemplates.md,threatprevention,no-registered-version
docs/threatprevention/7.4/install/upgrade/reportingmodule.md,threatprevention,no-registered-version
docs/threatprevention/7.4/install/upgrade/uninstallagent.md,threatprevention,no-registered-version
docs/threatprevention/7.4/reportingmodule/configuration/integrations/activedirectorysync.md,threatprevention,no-registered-version
docs/threatprevention/7.4/reportingmodule/configuration/integrations/credentialprofile.md,threatprevention,no-registered-version
docs/threatprevention/7.4/reportingmodule/configuration/integrations/email.md,threatprevention,no-registered-version
docs/threatprevention/7.4/reportingmodule/configuration/integrations/foldersettings.md,threatprevention,no-registered-version
docs/threatprevention/7.4/reportingmodule/configuration/integrations/netwrixintegrations.md,threatprevention,no-registered-version
docs/threatprevention/7.4/reportingmodule/configuration/integrations/overview.md,threatprevention,no-registered-version
docs/threatprevention/7.4/reportingmodule/configuration/integrations/page/openid.md,threatprevention,no-registered-version
docs/threatprevention/7.4/reportingmodule/configuration/integrations/page/page.md,threatprevention,no-registered-version
docs/threatprevention/7.4/reportingmodule/configuration/integrations/page/radius.md,threatprevention,no-registered-version
docs/threatprevention/7.4/reportingmodule/configuration/integrations/page/saml.md,threatprevention,no-registered-version
docs/threatprevention/7.4/reportingmodule/configuration/integrations/tagmanagement.md,threatprevention,no-registered-version
docs/threatprevention/7.4/reportingmodule/configuration/interface/about.md,threatprevention,no-registered-version
docs/threatprevention/7.4/reportingmodule/configuration/interface/auditing.md,threatprevention,no-registered-version
docs/threatprevention/7.4/reportingmodule/configuration/interface/interface.md,threatprevention,no-registered-version
docs/threatprevention/7.4/reportingmodule/configuration/interface/licensing.md,threatprevention,no-registered-version
docs/threatprevention/7.4/reportingmodule/configuration/interface/systemjobs.md,threatprevention,no-registered-version
docs/threatprevention/7.4/reportingmodule/configuration/interface/useraccess.md,threatprevention,no-registered-version
docs/threatprevention/7.4/reportingmodule/configuration/overview.md,threatprevention,no-registered-version
docs/threatprevention/7.4/reportingmodule/configuration/systemhealth.md,threatprevention,no-registered-version
docs/threatprevention/7.4/reportingmodule/investigations/auditcompliance.md,threatprevention,no-registered-version
docs/threatprevention/7.4/reportingmodule/investigations/favorites.md,threatprevention,no-registered-version
docs/threatprevention/7.4/reportingmodule/investigations/myinvestigations.md,threatprevention,no-registered-version
docs/threatprevention/7.4/reportingmodule/investigations/newinvestigation.md,threatprevention,no-registered-version
docs/threatprevention/7.4/reportingmodule/investigations/options/edit.md,threatprevention,no-registered-version
docs/threatprevention/7.4/reportingmodule/investigations/options/export.md,threatprevention,no-registered-version
docs/threatprevention/7.4/reportingmodule/investigations/options/filters.md,threatprevention,no-registered-version
docs/threatprevention/7.4/reportingmodule/investigations/options/overview.md,threatprevention,no-registered-version
docs/threatprevention/7.4/reportingmodule/investigations/options/subscription.md,threatprevention,no-registered-version
docs/threatprevention/7.4/reportingmodule/investigations/overview.md,threatprevention,no-registered-version
docs/threatprevention/7.4/reportingmodule/investigations/predefinedinvestigations.md,threatprevention,no-registered-version
docs/threatprevention/7.4/reportingmodule/investigations/reports/group.md,threatprevention,no-registered-version
docs/threatprevention/7.4/reportingmodule/investigations/reports/host.md,threatprevention,no-registered-version
docs/threatprevention/7.4/reportingmodule/investigations/reports/reports.md,threatprevention,no-registered-version
docs/threatprevention/7.4/reportingmodule/investigations/reports/user.md,threatprevention,no-registered-version
docs/threatprevention/7.4/reportingmodule/investigations/subscriptionsexports.md,threatprevention,no-registered-version
docs/threatprevention/7.4/reportingmodule/overview.md,threatprevention,no-registered-version
docs/threatprevention/7.4/reportingmodule/threats.md,threatprevention,no-registered-version
docs/threatprevention/7.4/requirements/adminconsole.md,threatprevention,no-registered-version
docs/threatprevention/7.4/requirements/agent/NTPtoNAM.md,threatprevention,no-registered-version
docs/threatprevention/7.4/requirements/agent/agent.md,threatprevention,no-registered-version
docs/threatprevention/7.4/requirements/agent/agentnas.md,threatprevention,no-registered-version
docs/threatprevention/7.4/requirements/application.md,threatprevention,no-registered-version
docs/threatprevention/7.4/requirements/eperestsite.md,threatprevention,no-registered-version
docs/threatprevention/7.4/requirements/overview.md,threatprevention,no-registered-version
docs/threatprevention/7.4/requirements/ports.md,threatprevention,no-registered-version
docs/threatprevention/7.4/requirements/reportingserver.md,threatprevention,no-registered-version
docs/threatprevention/7.4/requirements/sqlserver/dbmaintenance.md,threatprevention,no-registered-version
docs/threatprevention/7.4/requirements/sqlserver/sqlserver.md,threatprevention,no-registered-version
docs/threatprevention/7.4/siemdashboard/activedirectory/navigate/activedirectorychanges.md,threatprevention,no-registered-version
docs/threatprevention/7.4/siemdashboard/activedirectory/navigate/administratorauditing.md,threatprevention,no-registered-version
docs/threatprevention/7.4/siemdashboard/activedirectory/navigate/authenticationattacks.md,threatprevention,no-registered-version
docs/threatprevention/7.4/siemdashboard/activedirectory/navigate/gpomonitoring.md,threatprevention,no-registered-version
docs/threatprevention/7.4/siemdashboard/activedirectory/navigate/ldap.md,threatprevention,no-registered-version
docs/threatprevention/7.4/siemdashboard/activedirectory/navigate/navigate.md,threatprevention,no-registered-version
docs/threatprevention/7.4/siemdashboard/activedirectory/navigate/policyreporting.md,threatprevention,no-registered-version
docs/threatprevention/7.4/siemdashboard/activedirectory/navigate/userbehavioranalytics.md,threatprevention,no-registered-version
docs/threatprevention/7.4/siemdashboard/activedirectory/overview.md,threatprevention,no-registered-version
docs/threatprevention/7.4/siemdashboard/overview.md,threatprevention,no-registered-version
docs/threatprevention/7.4/siemdashboard/qradar/navigate/about.md,threatprevention,no-registered-version
docs/threatprevention/7.4/siemdashboard/qradar/navigate/adchanges.md,threatprevention,no-registered-version
docs/threatprevention/7.4/siemdashboard/qradar/navigate/administratorauditing.md,threatprevention,no-registered-version
docs/threatprevention/7.4/siemdashboard/qradar/navigate/authenticationattacks.md,threatprevention,no-registered-version
docs/threatprevention/7.4/siemdashboard/qradar/navigate/gpomonitoring.md,threatprevention,no-registered-version
docs/threatprevention/7.4/siemdashboard/qradar/navigate/hostinvestigation.md,threatprevention,no-registered-version
docs/threatprevention/7.4/siemdashboard/qradar/navigate/ldap.md,threatprevention,no-registered-version
docs/threatprevention/7.4/siemdashboard/qradar/navigate/navigate.md,threatprevention,no-registered-version
docs/threatprevention/7.4/siemdashboard/qradar/navigate/overview.md,threatprevention,no-registered-version
docs/threatprevention/7.4/siemdashboard/qradar/navigate/policyreporting.md,threatprevention,no-registered-version
docs/threatprevention/7.4/siemdashboard/qradar/navigate/settings.md,threatprevention,no-registered-version
docs/threatprevention/7.4/siemdashboard/qradar/navigate/userinvestigation.md,threatprevention,no-registered-version
docs/threatprevention/7.4/siemdashboard/qradar/offenses.md,threatprevention,no-registered-version
docs/threatprevention/7.4/siemdashboard/qradar/overview.md,threatprevention,no-registered-version
docs/threatprevention/7.4/siemdashboard/qradar/qidmap.md,threatprevention,no-registered-version
docs/threatprevention/7.4/siemdashboard/threathunting/navigate/navigate.md,threatprevention,no-registered-version
docs/threatprevention/7.4/siemdashboard/threathunting/navigate/perpetratorhunting.md,threatprevention,no-registered-version
docs/threatprevention/7.4/siemdashboard/threathunting/navigate/privilegecreepescalation.md,threatprevention,no-registered-version
docs/threatprevention/7.4/siemdashboard/threathunting/navigate/sensitivedatahunting.md,threatprevention,no-registered-version
docs/threatprevention/7.4/siemdashboard/threathunting/overview.md,threatprevention,no-registered-version
docs/threatprevention/7.4/solutions/activedirectory.md,threatprevention,no-registered-version
docs/threatprevention/7.4/solutions/epe.md,threatprevention,no-registered-version
docs/threatprevention/7.4/solutions/exchange.md,threatprevention,no-registered-version
docs/threatprevention/7.4/solutions/filesystem.md,threatprevention,no-registered-version
docs/threatprevention/7.4/solutions/ldap.md,threatprevention,no-registered-version
docs/threatprevention/7.4/solutions/overview.md,threatprevention,no-registered-version
docs/threatprevention/7.4/troubleshooting/agentcommunication.md,threatprevention,no-registered-version
docs/threatprevention/7.4/troubleshooting/agentservice.md,threatprevention,no-registered-version
docs/threatprevention/7.4/troubleshooting/enterprisemanagercommunication.md,threatprevention,no-registered-version
docs/threatprevention/7.4/troubleshooting/exchangelockdown.md,threatprevention,no-registered-version
docs/threatprevention/7.4/troubleshooting/lsass.md,threatprevention,no-registered-version
docs/threatprevention/7.4/troubleshooting/msilogs.md,threatprevention,no-registered-version
docs/threatprevention/7.4/troubleshooting/overview.md,threatprevention,no-registered-version
docs/threatprevention/7.4/troubleshooting/sqlserver.md,threatprevention,no-registered-version
