document_title,version,live_page_url,source_path,duplicates,reviewer,audited,accurate,complete,notes
Clearing a Control Incident,current,https://docs.netwrix.com/docs/platgovnetsuite/agent/agent_clear_incident,docs/platgovnetsuite/agent/agent_clear_incident.md,,,,,,
Creating an Agent Preapproved Change Request,current,https://docs.netwrix.com/docs/platgovnetsuite/agent/agent_creating_preapproved_change_request,docs/platgovnetsuite/agent/agent_creating_preapproved_change_request.md,,,,,,
Example: Set an Agent Control,current,https://docs.netwrix.com/docs/platgovnetsuite/agent/agent_example_set_control,docs/platgovnetsuite/agent/agent_example_set_control.md,,,,,,
Example: Unresolved Control Incident,current,https://docs.netwrix.com/docs/platgovnetsuite/agent/agent_example_unresolved_control_incident,docs/platgovnetsuite/agent/agent_example_unresolved_control_incident.md,,,,,,
Getting Started with Agent,current,https://docs.netwrix.com/docs/platgovnetsuite/agent/agent_getting_started,docs/platgovnetsuite/agent/agent_getting_started.md,,,,,,
Using Agent Lookback,current,https://docs.netwrix.com/docs/platgovnetsuite/agent/agent_lookback,docs/platgovnetsuite/agent/agent_lookback.md,,,,,,
Agent Overview,current,https://docs.netwrix.com/docs/platgovnetsuite/agent/agent_overview,docs/platgovnetsuite/agent/agent_overview.md,,,,,,
Records Supported by Agent Searches and Controls,current,https://docs.netwrix.com/docs/platgovnetsuite/agent/agent_supported_records,docs/platgovnetsuite/agent/agent_supported_records.md,,,,,,
Netwrix Strongpoint for Netsuite 7.0 Release Notes,current,https://docs.netwrix.com/docs/platgovnetsuite/archive/netwrix_strongpoint_netsuite_7-0_release_notes,docs/platgovnetsuite/archive/netwrix_strongpoint_netsuite_7-0_release_notes.md,,,,,,
Netwrix Strongpoint for Netsuite 7.1 Release Notes,current,https://docs.netwrix.com/docs/platgovnetsuite/archive/netwrix_strongpoint_netsuite_7-1_release_notes,docs/platgovnetsuite/archive/netwrix_strongpoint_netsuite_7-1_release_notes.md,,,,,,
Core 7.2,current,https://docs.netwrix.com/docs/platgovnetsuite/archive/netwrix_strongpoint_netsuite_7-2_release_notes,docs/platgovnetsuite/archive/netwrix_strongpoint_netsuite_7-2_release_notes.md,,,,,,
Core 7.3.2,current,https://docs.netwrix.com/docs/platgovnetsuite/archive/netwrix_strongpoint_netsuite_7-3_release_notes,docs/platgovnetsuite/archive/netwrix_strongpoint_netsuite_7-3_release_notes.md,,,,,,
Automated Search Clean Up Considerations,current,https://docs.netwrix.com/docs/platgovnetsuite/automatedsearchcleanup/automated_search_cleanup_considerations,docs/platgovnetsuite/automatedsearchcleanup/automated_search_cleanup_considerations.md,,,,,,
Automated Search Clean Up,current,https://docs.netwrix.com/docs/platgovnetsuite/automatedsearchcleanup/automated_search_cleanup,docs/platgovnetsuite/automatedsearchcleanup/automated_search_cleanup.md,,,,,,
Bundle Removal Overview,current,https://docs.netwrix.com/docs/platgovnetsuite/bundleremoval/bundle_removal_overview,docs/platgovnetsuite/bundleremoval/bundle_removal_overview.md,,,,,,
Categorizing Customizations,current,https://docs.netwrix.com/docs/platgovnetsuite/bundleremoval/categorizing_customizations,docs/platgovnetsuite/bundleremoval/categorizing_customizations.md,,,,,,
Creating a Custom List and Fields,current,https://docs.netwrix.com/docs/platgovnetsuite/bundleremoval/creating_custom_list_and_fields,docs/platgovnetsuite/bundleremoval/creating_custom_list_and_fields.md,,,,,,
Creating Four Mass Updates,current,https://docs.netwrix.com/docs/platgovnetsuite/bundleremoval/creating_four_mass_updates,docs/platgovnetsuite/bundleremoval/creating_four_mass_updates.md,,,,,,
Creating Two Mass Updates,current,https://docs.netwrix.com/docs/platgovnetsuite/bundleremoval/creating_two_mass_updates,docs/platgovnetsuite/bundleremoval/creating_two_mass_updates.md,,,,,,
Exporting Information to Excel,current,https://docs.netwrix.com/docs/platgovnetsuite/bundleremoval/exporting_information_to_excel,docs/platgovnetsuite/bundleremoval/exporting_information_to_excel.md,,,,,,
Final Tasks,current,https://docs.netwrix.com/docs/platgovnetsuite/bundleremoval/final_tasks,docs/platgovnetsuite/bundleremoval/final_tasks.md,,,,,,
Investigating Through Saved Searches,current,https://docs.netwrix.com/docs/platgovnetsuite/bundleremoval/investigating_through_saved_searches,docs/platgovnetsuite/bundleremoval/investigating_through_saved_searches.md,,,,,,
Change Management Reports,current,https://docs.netwrix.com/docs/platgovnetsuite/change_management_reports,docs/platgovnetsuite/change_management_reports.md,,,,,,
Approving a Change Request,current,https://docs.netwrix.com/docs/platgovnetsuite/changemanagement/approving_change_request,docs/platgovnetsuite/changemanagement/approving_change_request.md,,,,,,
Approving Policy Changes,current,https://docs.netwrix.com/docs/platgovnetsuite/changemanagement/approving_policy_changes,docs/platgovnetsuite/changemanagement/approving_policy_changes.md,,,,,,
Change and Approval Policy,current,https://docs.netwrix.com/docs/platgovnetsuite/changemanagement/change_and_approval_policy,docs/platgovnetsuite/changemanagement/change_and_approval_policy.md,,,,,,
Change Management Overview,current,https://docs.netwrix.com/docs/platgovnetsuite/changemanagement/change_management_overview,docs/platgovnetsuite/changemanagement/change_management_overview.md,,,,,,
Changing or Deactivating Policies,current,https://docs.netwrix.com/docs/platgovnetsuite/changemanagement/changing_deactivating_policies,docs/platgovnetsuite/changemanagement/changing_deactivating_policies.md,,,,,,
Comparing Environments,current,https://docs.netwrix.com/docs/platgovnetsuite/changemanagement/comparing_environments,docs/platgovnetsuite/changemanagement/comparing_environments.md,,,,,,
Completing and Validating a Change Request,current,https://docs.netwrix.com/docs/platgovnetsuite/changemanagement/completing_validating_change_request,docs/platgovnetsuite/changemanagement/completing_validating_change_request.md,,,,,,
Creating a Change Request from a Case,current,https://docs.netwrix.com/docs/platgovnetsuite/changemanagement/creating_change_request_from_case,docs/platgovnetsuite/changemanagement/creating_change_request_from_case.md,,,,,,
Creating a Change Request with the Old Form,current,https://docs.netwrix.com/docs/platgovnetsuite/changemanagement/creating_change_request_old_form,docs/platgovnetsuite/changemanagement/creating_change_request_old_form.md,,,,,,
Creating a Change Request,current,https://docs.netwrix.com/docs/platgovnetsuite/changemanagement/creating_change_request,docs/platgovnetsuite/changemanagement/creating_change_request.md,,,,,,
Example: Walkthrough Sample Changes,current,https://docs.netwrix.com/docs/platgovnetsuite/changemanagement/example_sample_change,docs/platgovnetsuite/changemanagement/example_sample_change.md,,,,,,
Multi-Environment Change Management,current,https://docs.netwrix.com/docs/platgovnetsuite/changemanagement/multi_environment_change_management,docs/platgovnetsuite/changemanagement/multi_environment_change_management.md,,,,,,
Example: Deployment or Library Script Changes related to an Approved Script Change,current,https://docs.netwrix.com/docs/platgovnetsuite/changemanagement/opportunisticclearance/example_deploy_script_related_approved_change,docs/platgovnetsuite/changemanagement/opportunisticclearance/example_deploy_script_related_approved_change.md,,,,,,
Example: Field Changes Related to an Approved Record Change,current,https://docs.netwrix.com/docs/platgovnetsuite/changemanagement/opportunisticclearance/example_field_changes_related_approved_change,docs/platgovnetsuite/changemanagement/opportunisticclearance/example_field_changes_related_approved_change.md,,,,,,
Example: Record Changes Related to an Approved Record Change,current,https://docs.netwrix.com/docs/platgovnetsuite/changemanagement/opportunisticclearance/example_record_changes_related_approved_change,docs/platgovnetsuite/changemanagement/opportunisticclearance/example_record_changes_related_approved_change.md,,,,,,
Example: Search Changes Related to an Approved Workflow Change,current,https://docs.netwrix.com/docs/platgovnetsuite/changemanagement/opportunisticclearance/example_search_changes_related_approved_change,docs/platgovnetsuite/changemanagement/opportunisticclearance/example_search_changes_related_approved_change.md,,,,,,
Opportunistic Clearance,current,https://docs.netwrix.com/docs/platgovnetsuite/changemanagement/opportunisticclearance/opportunistic_clearance,docs/platgovnetsuite/changemanagement/opportunisticclearance/opportunistic_clearance.md,,,,,,
Resolving Non-Compliant Changes,current,https://docs.netwrix.com/docs/platgovnetsuite/changemanagement/resolving_non_compliant_changes,docs/platgovnetsuite/changemanagement/resolving_non_compliant_changes.md,,,,,,
Setting Up Multi-Stream Approval,current,https://docs.netwrix.com/docs/platgovnetsuite/changemanagement/setting_up_multi_stream_approval,docs/platgovnetsuite/changemanagement/setting_up_multi_stream_approval.md,,,,,,
Setting Up Policies,current,https://docs.netwrix.com/docs/platgovnetsuite/changemanagement/setting_up_policies,docs/platgovnetsuite/changemanagement/setting_up_policies.md,,,,,,
Setting Up Subsidiary Policies,current,https://docs.netwrix.com/docs/platgovnetsuite/changemanagement/setting_up_subsidiary_policies,docs/platgovnetsuite/changemanagement/setting_up_subsidiary_policies.md,,,,,,
Using Custom Change Request Forms,current,https://docs.netwrix.com/docs/platgovnetsuite/changemanagement/use_custom_cr_forms,docs/platgovnetsuite/changemanagement/use_custom_cr_forms.md,,,,,,
Using Enhanced User Provisioning,current,https://docs.netwrix.com/docs/platgovnetsuite/changemanagement/user_provisioning,docs/platgovnetsuite/changemanagement/user_provisioning.md,,,,,,
Using Change Logs,current,https://docs.netwrix.com/docs/platgovnetsuite/changemanagement/using_change_logs,docs/platgovnetsuite/changemanagement/using_change_logs.md,,,,,,
Archive Fields,current,https://docs.netwrix.com/docs/platgovnetsuite/cleanup/archive_fields,docs/platgovnetsuite/cleanup/archive_fields.md,,,,,,
Clean Up Customizations with Inactive Owner,current,https://docs.netwrix.com/docs/platgovnetsuite/cleanup/cleanup_customizations_no_active_owner,docs/platgovnetsuite/cleanup/cleanup_customizations_no_active_owner.md,,,,,,
Clean Up Scripts with Default IDs,current,https://docs.netwrix.com/docs/platgovnetsuite/cleanup/cleanup_default_ids,docs/platgovnetsuite/cleanup/cleanup_default_ids.md,,,,,,
Clean Up Overview,current,https://docs.netwrix.com/docs/platgovnetsuite/cleanup/cleanup_overview,docs/platgovnetsuite/cleanup/cleanup_overview.md,,,,,,
Clean Up Unused Customizations,current,https://docs.netwrix.com/docs/platgovnetsuite/cleanup/cleanup_unused_customizations,docs/platgovnetsuite/cleanup/cleanup_unused_customizations.md,,,,,,
Date Last Used,current,https://docs.netwrix.com/docs/platgovnetsuite/cleanup/date_last_used,docs/platgovnetsuite/cleanup/date_last_used.md,,,,,,
Restore Fields,current,https://docs.netwrix.com/docs/platgovnetsuite/cleanup/restore_fields,docs/platgovnetsuite/cleanup/restore_fields.md,,,,,,
Set Up the Archive Folder,current,https://docs.netwrix.com/docs/platgovnetsuite/cleanup/set_up_archive_folder,docs/platgovnetsuite/cleanup/set_up_archive_folder.md,,,,,,
Update Field Description and Help,current,https://docs.netwrix.com/docs/platgovnetsuite/cleanup/update_field_description_and_help,docs/platgovnetsuite/cleanup/update_field_description_and_help.md,,,,,,
Customizations Overview,current,https://docs.netwrix.com/docs/platgovnetsuite/customization/customization_overview,docs/platgovnetsuite/customization/customization_overview.md,,,,,,
Identifying Impacted Objects,current,https://docs.netwrix.com/docs/platgovnetsuite/customization/identify_impacted_objects,docs/platgovnetsuite/customization/identify_impacted_objects.md,,,,,,
Integration Records,current,https://docs.netwrix.com/docs/platgovnetsuite/customization/integration_record,docs/platgovnetsuite/customization/integration_record.md,,,,,,
Advanced PDF / HTML Templates,current,https://docs.netwrix.com/docs/platgovnetsuite/customization/pdf_html_templates,docs/platgovnetsuite/customization/pdf_html_templates.md,,,,,,
Setting Preferred Forms,current,https://docs.netwrix.com/docs/platgovnetsuite/customization/setting_preferred_forms,docs/platgovnetsuite/customization/setting_preferred_forms.md,,,,,,
Standard Field Impact Analysis,current,https://docs.netwrix.com/docs/platgovnetsuite/customization/standard_field_impact_analysis,docs/platgovnetsuite/customization/standard_field_impact_analysis.md,,,,,,
Understanding the Customization Record,current,https://docs.netwrix.com/docs/platgovnetsuite/customization/understanding_customization_record,docs/platgovnetsuite/customization/understanding_customization_record.md,,,,,,
Using the ERD,current,https://docs.netwrix.com/docs/platgovnetsuite/customization/using_erd,docs/platgovnetsuite/customization/using_erd.md,,,,,,
FAQ,current,https://docs.netwrix.com/docs/platgovnetsuite/faq,docs/platgovnetsuite/faq.md,,,,,,
Welcome,current,https://docs.netwrix.com/docs/platgovnetsuite,docs/platgovnetsuite/index.md,,,,,,
Features by License Type,current,https://docs.netwrix.com/docs/platgovnetsuite/installation/features_by_license_type,docs/platgovnetsuite/installation/features_by_license_type.md,,,,,,
Go Live Frequently Asked Questions,current,https://docs.netwrix.com/docs/platgovnetsuite/installation/go_live_faq,docs/platgovnetsuite/installation/go_live_faq.md,,,,,,
Installation Overview,current,https://docs.netwrix.com/docs/platgovnetsuite/installation/installation_overview,docs/platgovnetsuite/installation/installation_overview.md,,,,,,
Installation Settings Report,current,https://docs.netwrix.com/docs/platgovnetsuite/installation/installation_settings_report,docs/platgovnetsuite/installation/installation_settings_report.md,,,,,,
Installing Platform Governance for NetSuite,current,https://docs.netwrix.com/docs/platgovnetsuite/installation/installing_strongpoint,docs/platgovnetsuite/installation/installing_strongpoint.md,,,,,,
License Manager,current,https://docs.netwrix.com/docs/platgovnetsuite/installation/license_manager,docs/platgovnetsuite/installation/license_manager.md,,,,,,
Managing Menus,current,https://docs.netwrix.com/docs/platgovnetsuite/installation/managing_menus,docs/platgovnetsuite/installation/managing_menus.md,,,,,,
Managing Users,current,https://docs.netwrix.com/docs/platgovnetsuite/installation/managing_users,docs/platgovnetsuite/installation/managing_users.md,,,,,,
Redeploy Scripts After Sandbox Refresh,current,https://docs.netwrix.com/docs/platgovnetsuite/installation/redeploy_scripts_sandbox,docs/platgovnetsuite/installation/redeploy_scripts_sandbox.md,,,,,,
Running the Spider,current,https://docs.netwrix.com/docs/platgovnetsuite/installation/running_the_spider,docs/platgovnetsuite/installation/running_the_spider.md,,,,,,
Setting Role Permissions,current,https://docs.netwrix.com/docs/platgovnetsuite/installation/setting_permissions,docs/platgovnetsuite/installation/setting_permissions.md,,,,,,
Setting Tab Access,current,https://docs.netwrix.com/docs/platgovnetsuite/installation/setting_strongpoint_tab_access,docs/platgovnetsuite/installation/setting_strongpoint_tab_access.md,,,,,,
Setting Up the AutoSpider and Alerts,current,https://docs.netwrix.com/docs/platgovnetsuite/installation/setting_up_auto_spider_alerts,docs/platgovnetsuite/installation/setting_up_auto_spider_alerts.md,,,,,,
Integration Mapping,current,https://docs.netwrix.com/docs/platgovnetsuite/integrations/integration_mapping,docs/platgovnetsuite/integrations/integration_mapping.md,,,,,,
Integrations,current,https://docs.netwrix.com/docs/platgovnetsuite/integrations,docs/platgovnetsuite/integrations/integrations.md,,,,,,
Navigation,current,https://docs.netwrix.com/docs/platgovnetsuite/navigating_strongpoint,docs/platgovnetsuite/navigating_strongpoint.md,,,,,,
Create Debugging Logs,current,https://docs.netwrix.com/docs/platgovnetsuite/reportabug/creating_debugging_logs,docs/platgovnetsuite/reportabug/creating_debugging_logs.md,,,,,,
Jira Upload Add On Not Showing,current,https://docs.netwrix.com/docs/platgovnetsuite/reportabug/jira_upload_addon_not_showing,docs/platgovnetsuite/reportabug/jira_upload_addon_not_showing.md,,,,,,
List Segments Field Can't be Edited,current,https://docs.netwrix.com/docs/platgovnetsuite/reportabug/list_segments_not_editable,docs/platgovnetsuite/reportabug/list_segments_not_editable.md,,,,,,
Platform Governance for NetSuite Not Supported on Mobile Devices,current,https://docs.netwrix.com/docs/platgovnetsuite/reportabug/mobile_devices,docs/platgovnetsuite/reportabug/mobile_devices.md,,,,,,
Contact Support,current,https://docs.netwrix.com/docs/platgovnetsuite/reportabug/report_a_bug,docs/platgovnetsuite/reportabug/report_a_bug.md,,,,,,
Saved Search Times Out,current,https://docs.netwrix.com/docs/platgovnetsuite/reportabug/saved_search_times_out,docs/platgovnetsuite/reportabug/saved_search_times_out.md,,,,,,
Spider Page Not Found,current,https://docs.netwrix.com/docs/platgovnetsuite/reportabug/spider_page_not_found,docs/platgovnetsuite/reportabug/spider_page_not_found.md,,,,,,
Spider Spins and Doesn't Finish,current,https://docs.netwrix.com/docs/platgovnetsuite/reportabug/spider_spins,docs/platgovnetsuite/reportabug/spider_spins.md,,,,,,
Stop Scripts,current,https://docs.netwrix.com/docs/platgovnetsuite/reportabug/stop_scripts,docs/platgovnetsuite/reportabug/stop_scripts.md,,,,,,
System Maintenance Period Error,current,https://docs.netwrix.com/docs/platgovnetsuite/reportabug/system_maintenance_period_error,docs/platgovnetsuite/reportabug/system_maintenance_period_error.md,,,,,,
Analyzing Script Performance,current,https://docs.netwrix.com/docs/platgovnetsuite/scriptmgmt/analyzing_script_performance,docs/platgovnetsuite/scriptmgmt/analyzing_script_performance.md,,,,,,
Creating Debugging Logs,current,https://docs.netwrix.com/docs/platgovnetsuite/scriptmgmt/creating_debugging_logs,docs/platgovnetsuite/scriptmgmt/creating_debugging_logs.md,,,,,,
Reviewing Script Performance and Errors,current,https://docs.netwrix.com/docs/platgovnetsuite/scriptmgmt/reviewing_script_performance_errors,docs/platgovnetsuite/scriptmgmt/reviewing_script_performance_errors.md,,,,,,
Scheduling the Script Monitor,current,https://docs.netwrix.com/docs/platgovnetsuite/scriptmgmt/scheduling_script_monitor,docs/platgovnetsuite/scriptmgmt/scheduling_script_monitor.md,,,,,,
Script Management,current,https://docs.netwrix.com/docs/platgovnetsuite/scriptmgmt/script_mgmt_overview,docs/platgovnetsuite/scriptmgmt/script_mgmt_overview.md,,,,,,
Approving Exemptions to SoD Rules,current,https://docs.netwrix.com/docs/platgovnetsuite/sod/approving_exceptions_sod_rules,docs/platgovnetsuite/sod/approving_exceptions_sod_rules.md,,,,,,
Assigning an Employee Role with a Pre-Approved Change Request,current,https://docs.netwrix.com/docs/platgovnetsuite/sod/assigning_role_with_preapproved_change_request,docs/platgovnetsuite/sod/assigning_role_with_preapproved_change_request.md,,,,,,
Creating an Approved Change Request to Clear a Violation,current,https://docs.netwrix.com/docs/platgovnetsuite/sod/creating_an_approved_change_request_clear_violation,docs/platgovnetsuite/sod/creating_an_approved_change_request_clear_violation.md,,,,,,
Creating an SoD Approval Request,current,https://docs.netwrix.com/docs/platgovnetsuite/sod/creating_sod_approval_request,docs/platgovnetsuite/sod/creating_sod_approval_request.md,,,,,,
Creating SoD Rules,current,https://docs.netwrix.com/docs/platgovnetsuite/sod/creating_sod_rules,docs/platgovnetsuite/sod/creating_sod_rules.md,,,,,,
Installing SoD,current,https://docs.netwrix.com/docs/platgovnetsuite/sod/installing_sod,docs/platgovnetsuite/sod/installing_sod.md,,,,,,
SoD Clean Up,current,https://docs.netwrix.com/docs/platgovnetsuite/sod/sod_clean_up,docs/platgovnetsuite/sod/sod_clean_up.md,,,,,,
SoD Notifications,current,https://docs.netwrix.com/docs/platgovnetsuite/sod/sod_notifications,docs/platgovnetsuite/sod/sod_notifications.md,,,,,,
SoD Overview,current,https://docs.netwrix.com/docs/platgovnetsuite/sod/sod_overview,docs/platgovnetsuite/sod/sod_overview.md,,,,,,
SoD Reports,current,https://docs.netwrix.com/docs/platgovnetsuite/sod/sod_reports,docs/platgovnetsuite/sod/sod_reports.md,,,,,,
SoD Test Case Scenarios,current,https://docs.netwrix.com/docs/platgovnetsuite/sod/sod_test_case_scenarios,docs/platgovnetsuite/sod/sod_test_case_scenarios.md,,,,,,
SoD Testing Mode,current,https://docs.netwrix.com/docs/platgovnetsuite/sod/sod_testing,docs/platgovnetsuite/sod/sod_testing.md,,,,,,
Integration API,current,https://docs.netwrix.com/docs/platgovnetsuite/ticketingintegrations/apioverview/api_overview,docs/platgovnetsuite/ticketingintegrations/apioverview/api_overview.md,,,,,,
Add/Update Customizations in a Change Request,current,https://docs.netwrix.com/docs/platgovnetsuite/ticketingintegrations/apioverview/changerequestapi/add_update_change_request,docs/platgovnetsuite/ticketingintegrations/apioverview/changerequestapi/add_update_change_request.md,,,,,,
Change Request API,current,https://docs.netwrix.com/docs/platgovnetsuite/ticketingintegrations/apioverview/changerequestapi/change_request_api,docs/platgovnetsuite/ticketingintegrations/apioverview/changerequestapi/change_request_api.md,,,,,,
Delete Customizations in a Change Request,current,https://docs.netwrix.com/docs/platgovnetsuite/ticketingintegrations/apioverview/changerequestapi/delete_customizations_change_request,docs/platgovnetsuite/ticketingintegrations/apioverview/changerequestapi/delete_customizations_change_request.md,,,,,,
Get Change Request,current,https://docs.netwrix.com/docs/platgovnetsuite/ticketingintegrations/apioverview/changerequestapi/get_change_request,docs/platgovnetsuite/ticketingintegrations/apioverview/changerequestapi/get_change_request.md,,,,,,
Get ERD,current,https://docs.netwrix.com/docs/platgovnetsuite/ticketingintegrations/apioverview/changerequestapi/get_erd,docs/platgovnetsuite/ticketingintegrations/apioverview/changerequestapi/get_erd.md,,,,,,
Get Impact Analysis,current,https://docs.netwrix.com/docs/platgovnetsuite/ticketingintegrations/apioverview/changerequestapi/get_impact_analysis,docs/platgovnetsuite/ticketingintegrations/apioverview/changerequestapi/get_impact_analysis.md,,,,,,
Push Change Request,current,https://docs.netwrix.com/docs/platgovnetsuite/ticketingintegrations/apioverview/changerequestapi/push_change_request,docs/platgovnetsuite/ticketingintegrations/apioverview/changerequestapi/push_change_request.md,,,,,,
Customizations API,current,https://docs.netwrix.com/docs/platgovnetsuite/ticketingintegrations/apioverview/customizationsapi/customizations_api,docs/platgovnetsuite/ticketingintegrations/apioverview/customizationsapi/customizations_api.md,,,,,,
Get Customizations,current,https://docs.netwrix.com/docs/platgovnetsuite/ticketingintegrations/apioverview/customizationsapi/get_customizations,docs/platgovnetsuite/ticketingintegrations/apioverview/customizationsapi/get_customizations.md,,,,,,
Jira Forge FAQs and Basic Troubleshooting,current,https://docs.netwrix.com/docs/platgovnetsuite/ticketingintegrations/jiraforgeintegration/jira_forge_faq,docs/platgovnetsuite/ticketingintegrations/jiraforgeintegration/jira_forge_faq.md,,,,,,
Jira Forge,current,https://docs.netwrix.com/docs/platgovnetsuite/ticketingintegrations/jiraforgeintegration/jira_forge_integration,docs/platgovnetsuite/ticketingintegrations/jiraforgeintegration/jira_forge_integration.md,,,,,,
Jira Forge Set Up,current,https://docs.netwrix.com/docs/platgovnetsuite/ticketingintegrations/jiraforgeintegration/jira_forge_set_up,docs/platgovnetsuite/ticketingintegrations/jiraforgeintegration/jira_forge_set_up.md,,,,,,
Jira Forge Walkthrough,current,https://docs.netwrix.com/docs/platgovnetsuite/ticketingintegrations/jiraforgeintegration/jira_forge_walkthrough,docs/platgovnetsuite/ticketingintegrations/jiraforgeintegration/jira_forge_walkthrough.md,,,,,,
Finding Change Requests from Jira,current,https://docs.netwrix.com/docs/platgovnetsuite/ticketingintegrations/jiraintegration/finding_change_requests_approved_from_jira,docs/platgovnetsuite/ticketingintegrations/jiraintegration/finding_change_requests_approved_from_jira.md,,,,,,
Jira,current,https://docs.netwrix.com/docs/platgovnetsuite/ticketingintegrations/jiraintegration/jira_integration,docs/platgovnetsuite/ticketingintegrations/jiraintegration/jira_integration.md,,,,,,
Jira Upload Add On Not Showing,current,https://docs.netwrix.com/docs/platgovnetsuite/ticketingintegrations/jiraintegration/jira_upload_addon_not_showing,docs/platgovnetsuite/ticketingintegrations/jiraintegration/jira_upload_addon_not_showing.md,,,,,,
Jira Walkthrough Example,current,https://docs.netwrix.com/docs/platgovnetsuite/ticketingintegrations/jiraintegration/jira_walkthrough_example,docs/platgovnetsuite/ticketingintegrations/jiraintegration/jira_walkthrough_example.md,,,,,,
Process Issues,current,https://docs.netwrix.com/docs/platgovnetsuite/ticketingintegrations/process_issues,docs/platgovnetsuite/ticketingintegrations/process_issues.md,,,,,,
Creating a Ticket and Change Request for ServiceNow,current,https://docs.netwrix.com/docs/platgovnetsuite/ticketingintegrations/servicenowintegration/servicenow_create_ticket,docs/platgovnetsuite/ticketingintegrations/servicenowintegration/servicenow_create_ticket.md,,,,,,
Installing ServiceNow in NetSuite,current,https://docs.netwrix.com/docs/platgovnetsuite/ticketingintegrations/servicenowintegration/servicenow_install_configure_netsuite,docs/platgovnetsuite/ticketingintegrations/servicenowintegration/servicenow_install_configure_netsuite.md,,,,,,
ServiceNow,current,https://docs.netwrix.com/docs/platgovnetsuite/ticketingintegrations/servicenowintegration/servicenow_integration,docs/platgovnetsuite/ticketingintegrations/servicenowintegration/servicenow_integration.md,,,,,,
Ticketing System Integrations,current,https://docs.netwrix.com/docs/platgovnetsuite/ticketingintegrations/ticketing_integrations,docs/platgovnetsuite/ticketingintegrations/ticketing_integrations.md,,,,,,
Zendesk,current,https://docs.netwrix.com/docs/platgovnetsuite/ticketingintegrations/zendeskintegration/zendesk_integration,docs/platgovnetsuite/ticketingintegrations/zendeskintegration/zendesk_integration.md,,,,,,
Zendesk Walkthrough Example,current,https://docs.netwrix.com/docs/platgovnetsuite/ticketingintegrations/zendeskintegration/zendesk_walkthrough_example,docs/platgovnetsuite/ticketingintegrations/zendeskintegration/zendesk_walkthrough_example.md,,,,,,
Strongpoint Spider,current,https://docs.netwrix.com/docs/platgovnetsuite/tools/running_the_spider,docs/platgovnetsuite/tools/running_the_spider.md,,,,,,
Standard Field Impact Analysis,current,https://docs.netwrix.com/docs/platgovnetsuite/tools/standard_field_impact_analysis,docs/platgovnetsuite/tools/standard_field_impact_analysis.md,,,,,,
Tools Overview,current,https://docs.netwrix.com/docs/platgovnetsuite/tools/tools_overview,docs/platgovnetsuite/tools/tools_overview.md,,,,,,
Accessing User Access Review,current,https://docs.netwrix.com/docs/platgovnetsuite/uar/access_app,docs/platgovnetsuite/uar/access_app.md,,,,,,
Additional Reviewer Membership Reviews,current,https://docs.netwrix.com/docs/platgovnetsuite/uar/addrevieweroverview/add_reviewer_membership_reviews,docs/platgovnetsuite/uar/addrevieweroverview/add_reviewer_membership_reviews.md,,,,,,
Additional Reviewer Overview,current,https://docs.netwrix.com/docs/platgovnetsuite/uar/addrevieweroverview/add_reviewer_overview,docs/platgovnetsuite/uar/addrevieweroverview/add_reviewer_overview.md,,,,,,
User Access Reviews List,current,https://docs.netwrix.com/docs/platgovnetsuite/uar/addrevieweroverview/add_reviewer_uar_list,docs/platgovnetsuite/uar/addrevieweroverview/add_reviewer_uar_list.md,,,,,,
UAR History,current,https://docs.netwrix.com/docs/platgovnetsuite/uar/addrevieweroverview/uar_history,docs/platgovnetsuite/uar/addrevieweroverview/uar_history.md,,,,,,
UAR Admin,current,https://docs.netwrix.com/docs/platgovnetsuite/uar/adminoverview/admin_overview,docs/platgovnetsuite/uar/adminoverview/admin_overview.md,,,,,,
Owner List,current,https://docs.netwrix.com/docs/platgovnetsuite/uar/adminoverview/admin_owner_list,docs/platgovnetsuite/uar/adminoverview/admin_owner_list.md,,,,,,
Pending Role Assignments,current,https://docs.netwrix.com/docs/platgovnetsuite/uar/adminoverview/admin_pending_assignments,docs/platgovnetsuite/uar/adminoverview/admin_pending_assignments.md,,,,,,
Administrator UAR List,current,https://docs.netwrix.com/docs/platgovnetsuite/uar/adminoverview/admin_uar_list,docs/platgovnetsuite/uar/adminoverview/admin_uar_list.md,,,,,,
Changing a Single Review Status,current,https://docs.netwrix.com/docs/platgovnetsuite/uar/adminoverview/changing_review_status,docs/platgovnetsuite/uar/adminoverview/changing_review_status.md,,,,,,
Membership Reviews,current,https://docs.netwrix.com/docs/platgovnetsuite/uar/adminoverview/owner_membership_reviews,docs/platgovnetsuite/uar/adminoverview/owner_membership_reviews.md,,,,,,
Permission Reviews,current,https://docs.netwrix.com/docs/platgovnetsuite/uar/adminoverview/owner_permission_reviews,docs/platgovnetsuite/uar/adminoverview/owner_permission_reviews.md,,,,,,
UAR History,current,https://docs.netwrix.com/docs/platgovnetsuite/uar/adminoverview/uar_history,docs/platgovnetsuite/uar/adminoverview/uar_history.md,,,,,,
UAR Auditor,current,https://docs.netwrix.com/docs/platgovnetsuite/uar/auditoroverview/auditor_overview,docs/platgovnetsuite/uar/auditoroverview/auditor_overview.md,,,,,,
Owner List,current,https://docs.netwrix.com/docs/platgovnetsuite/uar/auditoroverview/owner_uar_list,docs/platgovnetsuite/uar/auditoroverview/owner_uar_list.md,,,,,,
UAR History,current,https://docs.netwrix.com/docs/platgovnetsuite/uar/auditoroverview/uar_history,docs/platgovnetsuite/uar/auditoroverview/uar_history.md,,,,,,
Installing User Access Review,current,https://docs.netwrix.com/docs/platgovnetsuite/uar/install_app,docs/platgovnetsuite/uar/install_app.md,,,,,,
Membership Review,current,https://docs.netwrix.com/docs/platgovnetsuite/uar/owneroverview/owner_membership_reviews,docs/platgovnetsuite/uar/owneroverview/owner_membership_reviews.md,,,,,,
UAR Owner,current,https://docs.netwrix.com/docs/platgovnetsuite/uar/owneroverview/owner_overview,docs/platgovnetsuite/uar/owneroverview/owner_overview.md,,,,,,
Permission Reviews,current,https://docs.netwrix.com/docs/platgovnetsuite/uar/owneroverview/owner_permission_reviews,docs/platgovnetsuite/uar/owneroverview/owner_permission_reviews.md,,,,,,
Owner User Access Reviews List,current,https://docs.netwrix.com/docs/platgovnetsuite/uar/owneroverview/owner_uar_list,docs/platgovnetsuite/uar/owneroverview/owner_uar_list.md,,,,,,
My Roles,current,https://docs.netwrix.com/docs/platgovnetsuite/uar/owneroverview/owner_uar_roles,docs/platgovnetsuite/uar/owneroverview/owner_uar_roles.md,,,,,,
UAR History,current,https://docs.netwrix.com/docs/platgovnetsuite/uar/owneroverview/uar_history,docs/platgovnetsuite/uar/owneroverview/uar_history.md,,,,,,
Welcome,current,https://docs.netwrix.com/docs/platgovnetsuite/uar/uar_overview,docs/platgovnetsuite/uar/uar_overview.md,,,,,,
User Management,current,https://docs.netwrix.com/docs/platgovnetsuite/user_managment_overview,docs/platgovnetsuite/user_managment_overview.md,,,,,,
What is documented,current,https://docs.netwrix.com/docs/platgovnetsuite/what_does_strongpoint_document,docs/platgovnetsuite/what_does_strongpoint_document.md,,,,,,
What is a spider,current,https://docs.netwrix.com/docs/platgovnetsuite/what_is_a_spider,docs/platgovnetsuite/what_is_a_spider.md,,,,,,
