source_path,lines_changed_since_audit_start
docs/threatmanager/3.0/administration/configuration/integrations/activedirectorysync.md,0
docs/threatmanager/3.0/administration/configuration/integrations/apptoken.md,0
docs/threatmanager/3.0/administration/configuration/integrations/credentialprofile.md,0
docs/threatmanager/3.0/administration/configuration/integrations/email.md,0
docs/threatmanager/3.0/administration/configuration/integrations/entraidsync.md,0
docs/threatmanager/3.0/administration/configuration/integrations/foldersettings.md,0
docs/threatmanager/3.0/administration/configuration/integrations/netwrixintegrations.md,0
docs/threatmanager/3.0/administration/configuration/integrations/overview.md,0
docs/threatmanager/3.0/administration/configuration/integrations/page/openid/entraidopenid.md,0
docs/threatmanager/3.0/administration/configuration/integrations/page/openid/openid.md,0
docs/threatmanager/3.0/administration/configuration/integrations/page/page.md,0
docs/threatmanager/3.0/administration/configuration/integrations/page/radius.md,0
docs/threatmanager/3.0/administration/configuration/integrations/page/saml.md,0
docs/threatmanager/3.0/administration/configuration/integrations/siem.md,0
docs/threatmanager/3.0/administration/configuration/integrations/tagmanagement.md,0
docs/threatmanager/3.0/administration/configuration/overview.md,0
docs/threatmanager/3.0/administration/configuration/policies/honeytoken.md,0
docs/threatmanager/3.0/administration/configuration/policies/overview.md,0
docs/threatmanager/3.0/administration/configuration/policies/policiesconfiguration.md,0
docs/threatmanager/3.0/administration/configuration/systemhealth/actionqueue.md,0
docs/threatmanager/3.0/administration/configuration/systemhealth/agents.md,0
docs/threatmanager/3.0/administration/configuration/systemhealth/backlog.md,0
docs/threatmanager/3.0/administration/configuration/systemhealth/overview.md,0
docs/threatmanager/3.0/administration/configuration/systemhealth/services.md,0
docs/threatmanager/3.0/administration/configuration/systemsettings/about.md,0
docs/threatmanager/3.0/administration/configuration/systemsettings/auditing.md,0
docs/threatmanager/3.0/administration/configuration/systemsettings/licensing.md,0
docs/threatmanager/3.0/administration/configuration/systemsettings/overview.md,0
docs/threatmanager/3.0/administration/configuration/systemsettings/systemjobs.md,0
docs/threatmanager/3.0/administration/configuration/systemsettings/useraccess.md,0
docs/threatmanager/3.0/administration/configuration/threatdetection/threatconfiguration.md,0
docs/threatmanager/3.0/administration/configuration/threatdetection/threatdetection.md,0
docs/threatmanager/3.0/administration/configuration/threatresponse.md,0
docs/threatmanager/3.0/administration/home.md,0
docs/threatmanager/3.0/administration/investigations/auditcompliance.md,0
docs/threatmanager/3.0/administration/investigations/favorites.md,0
docs/threatmanager/3.0/administration/investigations/myinvestigations.md,0
docs/threatmanager/3.0/administration/investigations/newinvestigation.md,0
docs/threatmanager/3.0/administration/investigations/options/edit.md,0
docs/threatmanager/3.0/administration/investigations/options/export.md,0
docs/threatmanager/3.0/administration/investigations/options/filters.md,0
docs/threatmanager/3.0/administration/investigations/options/overview.md,0
docs/threatmanager/3.0/administration/investigations/options/subscription.md,0
docs/threatmanager/3.0/administration/investigations/overview.md,0
docs/threatmanager/3.0/administration/investigations/predefinedinvestigations.md,0
docs/threatmanager/3.0/administration/investigations/reports.md,0
docs/threatmanager/3.0/administration/investigations/subscriptionsexports.md,0
docs/threatmanager/3.0/administration/overview.md,0
docs/threatmanager/3.0/administration/playbooks/action/activedirectory.md,0
docs/threatmanager/3.0/administration/playbooks/action/entraid.md,0
docs/threatmanager/3.0/administration/playbooks/action/localhost.md,0
docs/threatmanager/3.0/administration/playbooks/action/overview.md,0
docs/threatmanager/3.0/administration/playbooks/action/tag.md,0
docs/threatmanager/3.0/administration/playbooks/action/thirdparty.md,0
docs/threatmanager/3.0/administration/playbooks/action/windowsfileserver.md,0
docs/threatmanager/3.0/administration/playbooks/action/windowsserver.md,0
docs/threatmanager/3.0/administration/playbooks/editstep.md,0
docs/threatmanager/3.0/administration/playbooks/export.md,0
docs/threatmanager/3.0/administration/playbooks/import.md,0
docs/threatmanager/3.0/administration/playbooks/importsteps.md,0
docs/threatmanager/3.0/administration/playbooks/overview.md,0
docs/threatmanager/3.0/administration/playbooks/save.md,0
docs/threatmanager/3.0/administration/playbooks/trigger.md,0
docs/threatmanager/3.0/administration/threats/activedirectoryobjects/activedirectoryobjects.md,0
docs/threatmanager/3.0/administration/threats/activedirectoryobjects/group.md,0
docs/threatmanager/3.0/administration/threats/activedirectoryobjects/host.md,0
docs/threatmanager/3.0/administration/threats/activedirectoryobjects/user.md,0
docs/threatmanager/3.0/administration/threats/entraidobjects/entraidapplication.md,0
docs/threatmanager/3.0/administration/threats/entraidobjects/entraidgroup.md,0
docs/threatmanager/3.0/administration/threats/entraidobjects/entraidobjects.md,0
docs/threatmanager/3.0/administration/threats/entraidobjects/entraidrole.md,0
docs/threatmanager/3.0/administration/threats/entraidobjects/entraiduser.md,0
docs/threatmanager/3.0/administration/threats/threatdetails/abnormalbehavior.md,0
docs/threatmanager/3.0/administration/threats/threatdetails/overview.md,0
docs/threatmanager/3.0/administration/threats/threats.md,0
docs/threatmanager/3.0/administration/troubleshooting/log.md,0
docs/threatmanager/3.0/administration/troubleshooting/overview.md,0
docs/threatmanager/3.0/administration/troubleshooting/updatepasswords.md,0
docs/threatmanager/3.0/gettingstarted.md,0
docs/threatmanager/3.0/index.md,0
docs/threatmanager/3.0/install/actionservice.md,0
docs/threatmanager/3.0/install/application.md,0
docs/threatmanager/3.0/install/database.md,0
docs/threatmanager/3.0/install/firstlaunch/firstlaunch.md,0
docs/threatmanager/3.0/install/firstlaunch/login.md,0
docs/threatmanager/3.0/install/integration/accessanalyzer.md,0
docs/threatmanager/3.0/install/integration/activitymonitor.md,0
docs/threatmanager/3.0/install/integration/overview.md,0
docs/threatmanager/3.0/install/integration/threatprevention/threatmanagerconfiguration.md,0
docs/threatmanager/3.0/install/integration/threatprevention/threatprevention.md,0
docs/threatmanager/3.0/install/overview.md,0
docs/threatmanager/3.0/install/secure.md,0
docs/threatmanager/3.0/install/upgrade/upgrade.md,0
docs/threatmanager/3.0/install/upgrade/upgrade2.8.md,0
docs/threatmanager/3.0/install/upgrade/upgrade3.0.md,0
docs/threatmanager/3.0/requirements/actionservice.md,0
docs/threatmanager/3.0/requirements/client.md,0
docs/threatmanager/3.0/requirements/database.md,0
docs/threatmanager/3.0/requirements/overview.md,0
docs/threatmanager/3.0/requirements/permissions/adsync.md,0
docs/threatmanager/3.0/requirements/permissions/entraidsync.md,0
docs/threatmanager/3.0/requirements/permissions/overview.md,0
docs/threatmanager/3.0/requirements/ports.md,0
docs/threatmanager/3.0/requirements/server.md,0
docs/threatmanager/3.0/threats/activedirectory.md,0
docs/threatmanager/3.0/threats/custom.md,0
docs/threatmanager/3.0/threats/entraid.md,0
docs/threatmanager/3.0/threats/filesystem.md,0
docs/threatmanager/3.0/threats/general.md,0
docs/threatmanager/3.0/threats/overview.md,0
docs/threatmanager/3.1/administration/configuration/integrations/activedirectorysync.md,0
docs/threatmanager/3.1/administration/configuration/integrations/apptoken.md,0
docs/threatmanager/3.1/administration/configuration/integrations/credentialprofile.md,0
docs/threatmanager/3.1/administration/configuration/integrations/email.md,0
docs/threatmanager/3.1/administration/configuration/integrations/entraidsync.md,0
docs/threatmanager/3.1/administration/configuration/integrations/foldersettings.md,0
docs/threatmanager/3.1/administration/configuration/integrations/netwrixintegrations.md,0
docs/threatmanager/3.1/administration/configuration/integrations/overview.md,0
docs/threatmanager/3.1/administration/configuration/integrations/page/openid/entraidopenid.md,0
docs/threatmanager/3.1/administration/configuration/integrations/page/openid/openid.md,0
docs/threatmanager/3.1/administration/configuration/integrations/page/page.md,0
docs/threatmanager/3.1/administration/configuration/integrations/page/radius.md,0
docs/threatmanager/3.1/administration/configuration/integrations/page/saml.md,0
docs/threatmanager/3.1/administration/configuration/integrations/siem.md,0
docs/threatmanager/3.1/administration/configuration/integrations/tagmanagement.md,0
docs/threatmanager/3.1/administration/configuration/overview.md,0
docs/threatmanager/3.1/administration/configuration/policies/honeytoken.md,0
docs/threatmanager/3.1/administration/configuration/policies/overview.md,0
docs/threatmanager/3.1/administration/configuration/policies/policiesconfiguration.md,0
docs/threatmanager/3.1/administration/configuration/systemhealth/actionqueue.md,0
docs/threatmanager/3.1/administration/configuration/systemhealth/agents.md,0
docs/threatmanager/3.1/administration/configuration/systemhealth/backlog.md,0
docs/threatmanager/3.1/administration/configuration/systemhealth/overview.md,0
docs/threatmanager/3.1/administration/configuration/systemhealth/services.md,0
docs/threatmanager/3.1/administration/configuration/systemsettings/about.md,0
docs/threatmanager/3.1/administration/configuration/systemsettings/auditing.md,0
docs/threatmanager/3.1/administration/configuration/systemsettings/licensing.md,0
docs/threatmanager/3.1/administration/configuration/systemsettings/overview.md,0
docs/threatmanager/3.1/administration/configuration/systemsettings/systemjobs.md,0
docs/threatmanager/3.1/administration/configuration/systemsettings/useraccess.md,0
docs/threatmanager/3.1/administration/configuration/threatdetection/threatconfiguration.md,0
docs/threatmanager/3.1/administration/configuration/threatdetection/threatdetection.md,0
docs/threatmanager/3.1/administration/configuration/threatresponse.md,0
docs/threatmanager/3.1/administration/home.md,0
docs/threatmanager/3.1/administration/investigations/auditcompliance.md,0
docs/threatmanager/3.1/administration/investigations/favorites.md,0
docs/threatmanager/3.1/administration/investigations/myinvestigations.md,0
docs/threatmanager/3.1/administration/investigations/newinvestigation.md,0
docs/threatmanager/3.1/administration/investigations/options/edit.md,0
docs/threatmanager/3.1/administration/investigations/options/export.md,0
docs/threatmanager/3.1/administration/investigations/options/filters.md,0
docs/threatmanager/3.1/administration/investigations/options/overview.md,0
docs/threatmanager/3.1/administration/investigations/options/subscription.md,0
docs/threatmanager/3.1/administration/investigations/overview.md,0
docs/threatmanager/3.1/administration/investigations/predefinedinvestigations.md,0
docs/threatmanager/3.1/administration/investigations/reports.md,0
docs/threatmanager/3.1/administration/investigations/subscriptionsexports.md,0
docs/threatmanager/3.1/administration/overview.md,0
docs/threatmanager/3.1/administration/playbooks/action/activedirectory.md,0
docs/threatmanager/3.1/administration/playbooks/action/entraid.md,0
docs/threatmanager/3.1/administration/playbooks/action/localhost.md,0
docs/threatmanager/3.1/administration/playbooks/action/overview.md,0
docs/threatmanager/3.1/administration/playbooks/action/tag.md,0
docs/threatmanager/3.1/administration/playbooks/action/thirdparty.md,0
docs/threatmanager/3.1/administration/playbooks/action/windowsfileserver.md,0
docs/threatmanager/3.1/administration/playbooks/action/windowsserver.md,0
docs/threatmanager/3.1/administration/playbooks/editstep.md,0
docs/threatmanager/3.1/administration/playbooks/export.md,0
docs/threatmanager/3.1/administration/playbooks/import.md,0
docs/threatmanager/3.1/administration/playbooks/importsteps.md,0
docs/threatmanager/3.1/administration/playbooks/overview.md,0
docs/threatmanager/3.1/administration/playbooks/save.md,0
docs/threatmanager/3.1/administration/playbooks/trigger.md,0
docs/threatmanager/3.1/administration/serviceaccounts.md,0
docs/threatmanager/3.1/administration/threats/activedirectoryobjects/activedirectoryobjects.md,0
docs/threatmanager/3.1/administration/threats/activedirectoryobjects/group.md,0
docs/threatmanager/3.1/administration/threats/activedirectoryobjects/host.md,0
docs/threatmanager/3.1/administration/threats/activedirectoryobjects/user.md,0
docs/threatmanager/3.1/administration/threats/entraidobjects/entraidapplication.md,0
docs/threatmanager/3.1/administration/threats/entraidobjects/entraidgroup.md,0
docs/threatmanager/3.1/administration/threats/entraidobjects/entraidobjects.md,0
docs/threatmanager/3.1/administration/threats/entraidobjects/entraidrole.md,0
docs/threatmanager/3.1/administration/threats/entraidobjects/entraiduser.md,0
docs/threatmanager/3.1/administration/threats/threatdetails/abnormalbehavior.md,0
docs/threatmanager/3.1/administration/threats/threatdetails/overview.md,0
docs/threatmanager/3.1/administration/threats/threats.md,0
docs/threatmanager/3.1/administration/troubleshooting/log.md,0
docs/threatmanager/3.1/administration/troubleshooting/overview.md,0
docs/threatmanager/3.1/administration/troubleshooting/updatepasswords.md,0
docs/threatmanager/3.1/gettingstarted.md,0
docs/threatmanager/3.1/index.md,0
docs/threatmanager/3.1/install/actionservice.md,0
docs/threatmanager/3.1/install/application.md,0
docs/threatmanager/3.1/install/database.md,0
docs/threatmanager/3.1/install/firstlaunch/firstlaunch.md,0
docs/threatmanager/3.1/install/firstlaunch/login.md,0
docs/threatmanager/3.1/install/integration/accessanalyzer.md,0
docs/threatmanager/3.1/install/integration/activitymonitor.md,0
docs/threatmanager/3.1/install/integration/overview.md,0
docs/threatmanager/3.1/install/integration/threatprevention/threatmanagerconfiguration.md,0
docs/threatmanager/3.1/install/integration/threatprevention/threatprevention.md,0
docs/threatmanager/3.1/install/overview.md,0
docs/threatmanager/3.1/install/secure.md,0
docs/threatmanager/3.1/install/upgrade/upgrade.md,0
docs/threatmanager/3.1/install/upgrade/upgrade2.8.md,0
docs/threatmanager/3.1/install/upgrade/upgrade3.0.md,0
docs/threatmanager/3.1/install/upgrade/upgrade3.1.md,0
docs/threatmanager/3.1/requirements/actionservice.md,0
docs/threatmanager/3.1/requirements/client.md,0
docs/threatmanager/3.1/requirements/database.md,0
docs/threatmanager/3.1/requirements/overview.md,0
docs/threatmanager/3.1/requirements/permissions/adsync.md,0
docs/threatmanager/3.1/requirements/permissions/entraidsync.md,0
docs/threatmanager/3.1/requirements/permissions/overview.md,0
docs/threatmanager/3.1/requirements/ports.md,0
docs/threatmanager/3.1/requirements/server.md,0
docs/threatmanager/3.1/threats/activedirectory.md,0
docs/threatmanager/3.1/threats/custom.md,0
docs/threatmanager/3.1/threats/entraid.md,0
docs/threatmanager/3.1/threats/filesystem.md,0
docs/threatmanager/3.1/threats/general.md,0
docs/threatmanager/3.1/threats/overview.md,0
